Time,Seconds_Mid,LeftHeel_Dist,RightHeel_Dist,LeftToe_Dist,RightToe_Dist,noStep
11:34:27.AM,41667,32.191781367535,32.1623387786128,31.6137801082066,31.4791130843211,1
11:34:27.AM,41667.033,33.1508353018171,33.4370149197372,32.4439003353755,32.7533871259008,1
11:34:27.AM,41667.066,33.11852713,33.1004997461156,31.9846800222575,32.0697967395862,1
11:34:27.AM,41667.099,32.9321565263396,32.8765195094725,31.8952931579084,32.0132841861654,1
11:34:27.AM,41667.132,32.804634025572,32.7326810676681,31.8818868980201,31.9038956945246,1
11:34:27.AM,41667.165,32.7430036951512,32.6613986224221,31.8626684788697,31.8802617996752,1
11:34:27.AM,41667.198,32.733645191001,32.6102275986546,31.8370623082758,31.8233293538996,1
11:34:27.AM,41667.231,32.6953389286365,32.6013032887595,31.8179594510173,31.7891688334369,1
11:34:27.AM,41667.264,32.6695881580006,32.5658922769042,31.80728814312,31.7677289788734,1
11:34:27.AM,41667.297,32.6414294794049,32.5618601048914,31.794168719966,31.7547333835307,1
11:34:27.AM,41667.33,32.5976426981538,32.5395263726386,31.791217909311,31.7474219319074,1
11:34:27.AM,41667.363,32.5651238620212,32.5374150202736,31.7768381857266,31.7414086063962,1
11:34:27.AM,41667.396,32.5461184020434,32.5232854696695,31.7572178984313,31.7328425848224,1
11:34:27.AM,41667.429,32.5248281709868,32.5142639915344,31.751122591195,31.7289633960064,1
11:34:27.AM,41667.462,32.5223660356309,32.510068822309,31.7317448976309,31.664537989411,1
11:34:27.AM,41667.495,32.5118243254579,32.5060194761633,31.7059849699168,31.6531349746371,1
11:34:28.AM,41668,32.4649747619522,32.5010142465747,31.7038116578269,31.654297684191,1
11:34:28.AM,41668.033,32.447879327841,32.4974285131651,31.6870846730968,31.653405400356,1
11:34:28.AM,41668.066,32.4246547084314,32.4953883642157,31.6824601990839,31.6518913795134,1
11:34:28.AM,41668.099,32.4045654416681,32.4932504131291,31.6814332258976,31.6514223823447,1
11:34:28.AM,41668.132,32.3988951576296,32.4897402639254,31.6792784753914,31.6585764343085,1
11:34:28.AM,41668.165,32.3957387284875,32.47959486019,31.6737352767108,31.6630871441383,1
11:34:28.AM,41668.198,32.3863768310492,32.4710495350601,31.6717054336545,31.7153052827627,1
11:34:28.AM,41668.231,32.3740514129171,32.4470553901681,31.6700107765782,31.7078289863837,1
11:34:28.AM,41668.264,32.3684090240897,32.4382158411845,31.6687490747003,31.7069858940559,1
11:34:28.AM,41668.297,32.3312800545421,32.4150142236857,31.6590838461234,31.6601354002787,1
11:34:28.AM,41668.33,32.3289656173397,32.4044199437444,31.6588637619557,31.7016325049005,1
11:34:28.AM,41668.363,32.3175350356842,32.3940784463181,31.6602546214445,31.6993417955393,1
11:34:28.AM,41668.396,32.3164614346004,32.3896704705634,31.6602882480844,31.7074779481195,1
11:34:28.AM,41668.429,32.2852744990558,32.3587355523631,31.6600880177492,31.7014731408274,1
11:34:28.AM,41668.462,32.2606516150629,32.3585585633053,31.6703717176946,31.6930765433798,1
11:34:28.AM,41668.495,32.2604534726114,32.358491594962,31.6719012176323,31.6878195659251,1
11:34:28.AM,41668.528,32.2603916526493,32.3589779188019,31.6681817229289,31.6669461570196,1
11:34:28.AM,41668.561,32.2645087295863,32.3802289506842,31.654771347805,31.5984802942535,1
11:34:28.AM,41668.594,32.2681367865149,32.3817984411526,31.6599198873014,31.5977250474972,1
11:34:28.AM,41668.627,32.3135193267411,32.3741567471246,31.6579177394594,31.5608078376478,1
11:34:28.AM,41668.66,32.3134239157194,32.3789597351188,31.6570573497507,31.6137007890134,1
11:34:28.AM,41668.693,32.3635069915781,32.3796557961153,31.6648667024929,31.538530401482,1
11:34:28.AM,41668.726,32.3788192492615,32.3976852558462,31.6644707187114,31.543909477312,1
11:34:28.AM,41668.759,32.3992963465143,32.388387758776,31.660847683244,31.5193410555602,1
11:34:28.AM,41668.792,32.4008276659267,32.3945034884112,31.6632598934598,31.5513292957929,1
11:34:28.AM,41668.825,32.3996735687523,32.4036509043289,31.6606489745736,31.5707874503322,1
11:34:28.AM,41668.858,32.3971099039594,32.4033391416723,31.6605618492262,31.6037664776054,1
11:34:28.AM,41668.891,32.3971035112719,32.3883126840508,31.6492578369693,31.5675149471496,1
11:34:28.AM,41668.924,32.3964434794506,32.3903014794974,31.6653957150996,31.5740879785066,1
11:34:28.AM,41668.957,32.3961366454462,32.390116168073,31.6665164833354,31.5880850198729,1
11:34:29.AM,41669,32.3521754557731,32.3839397641513,31.6078842166435,31.5752754807676,1
11:34:29.AM,41669.033,32.3333257495676,32.3588471680491,31.6152402342082,31.561397296198,1
11:34:29.AM,41669.066,32.323449828943,32.3375373280281,31.6302475215734,31.5483309056928,1
11:34:29.AM,41669.099,32.3154944575456,32.3400743419091,31.630647253834,31.5457808107878,1
11:34:29.AM,41669.132,32.3078178868649,32.3419841253811,31.6282947718188,31.5156622460181,1
11:34:29.AM,41669.165,32.3343638168517,32.3521403904962,31.6568525745045,31.4985170615787,1
11:34:29.AM,41669.198,32.3345102978045,32.3548916447216,31.6563589850177,31.4991299973774,1
11:34:29.AM,41669.231,32.3216201232976,32.3582444522109,31.6556957953729,31.4982219525813,1
11:34:29.AM,41669.264,32.3219987763378,32.3423329751659,31.6589600484144,31.4962789070548,1
11:34:29.AM,41669.297,32.3418551005962,32.3622374514676,31.6697614871548,31.4982522199243,1
11:34:29.AM,41669.33,32.3596890932697,32.3623363317782,31.6718706262312,31.5072819695996,1
11:34:29.AM,41669.363,32.3739301198041,32.3806073392693,31.6794483353286,31.5138473902113,1
11:34:29.AM,41669.396,32.3890123296737,32.3802880234429,31.6804292727237,31.5064188933753,1
11:34:29.AM,41669.429,32.3882967107485,32.3865062003692,31.6805930230745,31.5179394340813,1
11:34:29.AM,41669.462,32.3881162134942,32.384200062988,31.6810123538781,31.5183818788487,1
11:34:29.AM,41669.495,32.3343017220534,32.3595790665391,31.6598388796122,31.5180515593569,1
11:34:29.AM,41669.528,32.3444134819627,32.3750569029045,31.6567272655448,31.5275350013106,1
11:34:29.AM,41669.561,32.3382905881748,32.366328714752,31.6556713464994,31.4969674207726,1
11:34:29.AM,41669.594,32.336331864063,32.3580084741603,31.6459481799052,31.4976438571432,1
11:34:29.AM,41669.627,32.3250649098741,32.3500270466604,31.6675929824753,31.5003317212714,1
11:34:29.AM,41669.66,32.3344306884314,32.3657161577203,31.6865457726734,31.5331167033067,1
11:34:29.AM,41669.693,32.3294829155285,32.3664834527661,31.6955471252671,31.5301065012772,1
11:34:29.AM,41669.726,32.3271162085853,32.3658326056343,31.7002718308392,31.5202048175663,1
11:34:29.AM,41669.759,32.3271034767057,32.3667610276426,31.6944258974165,31.5051773552684,1
11:34:29.AM,41669.792,32.3247737063833,32.3647144201706,31.6800650488511,31.4883290640001,1
11:34:29.AM,41669.825,32.3247434724324,32.3639583714391,31.6851832911392,31.4881142981932,1
11:34:29.AM,41669.858,32.324340888733,32.3666174538544,31.6879022434345,31.5043764620662,1
11:34:29.AM,41669.891,32.328507224969,32.366619049112,31.6834550930263,31.4804692740036,1
11:34:29.AM,41669.924,32.3292330187078,32.3660575278771,31.6741024191719,31.4749902339379,1
11:34:29.AM,41669.957,32.3252319961402,32.366019243026,31.6566080701089,31.4656446105342,1
11:34:30.AM,41670,32.3194406490466,32.366247358227,31.6528981648302,31.4660644892606,1
11:34:30.AM,41670.033,32.3021199857619,32.354958598623,31.6525223317954,31.4686489458366,1
11:34:30.AM,41670.066,32.2994568652732,32.3574456480879,31.6542289277109,31.5760722657347,1
11:34:30.AM,41670.099,32.2986211526716,32.3846727632706,31.6591969460847,31.6592382124816,1
11:34:30.AM,41670.132,32.2892246550644,32.3684744367918,31.6591572081712,31.6479626075128,1
11:34:30.AM,41670.165,32.2884339137992,32.3695513900678,31.6600299361262,31.6549012257105,1
11:34:30.AM,41670.198,32.2868287292077,32.369608829527,31.6594185631431,31.6411963978379,1
11:34:30.AM,41670.231,32.2871811897216,32.3688413908472,31.6653895992491,31.636613886793,1
11:34:30.AM,41670.264,32.2872272324116,32.3694412983234,31.6648957518739,31.6267785006741,1
11:34:30.AM,41670.297,32.2858872834115,32.3809761566457,31.6669782683179,31.6679141110033,1
11:34:30.AM,41670.33,32.2832934230762,32.3458903850337,31.6596799222947,31.6147265615996,1
11:34:30.AM,41670.363,32.2827839055735,32.3453470861804,31.6557370529297,31.5674891102128,1
11:34:30.AM,41670.396,32.2846172890779,32.346087952639,31.6583701117206,31.6286883541489,1
11:34:30.AM,41670.429,32.2841505904924,32.3460194410271,31.6579162111959,31.6272208589949,1
11:34:30.AM,41670.462,32.28216488659,32.3452228150284,31.657703783968,31.6267434175961,1
11:34:30.AM,41670.495,32.2842664702133,32.3460656465019,31.6580873775899,31.6304000899838,1
11:34:30.AM,41670.528,32.2829442193687,32.3465723218271,31.6472310315381,31.6004112050138,1
11:34:30.AM,41670.561,32.2823204327856,32.3434209873252,31.6448593622611,31.5496486111805,1
11:34:30.AM,41670.594,32.2806634643341,32.336032502103,31.6358034565267,31.5071820321136,1
11:34:30.AM,41670.627,32.2795319321493,32.3346854397627,31.6271034040652,31.4932180220504,1
11:34:30.AM,41670.66,32.2803714486679,32.3445425265335,31.634347530297,31.6035958796885,1
11:34:30.AM,41670.693,32.2817252383628,32.3591836141322,31.6350586897861,31.620791063451,1
11:34:30.AM,41670.726,32.2829696157551,32.3748366475388,31.6488607038148,31.6694112648773,1
11:34:30.AM,41670.759,32.282622006079,32.3747313090429,31.649396835854,31.6581194714883,1
11:34:30.AM,41670.792,32.2824632826123,32.3618483152881,31.647661725745,31.6353791795072,1
11:34:30.AM,41670.825,32.2825108994935,32.3622119340632,31.6499513157002,31.6762518977423,1
11:34:30.AM,41670.858,32.2853062489868,32.3629025125756,31.6533962333092,31.6886387041342,1
11:34:30.AM,41670.891,32.2894596617121,32.3638403416045,31.6577526878333,31.6978541554036,1
11:34:30.AM,41670.924,32.2791383737586,32.352014474882,31.6526201086635,31.6188165752742,1
11:34:30.AM,41670.957,32.2941334892173,32.3543480527504,31.6529959439474,31.616718847984,1
11:34:31.AM,41671,32.2940302474688,32.354333705988,31.6412528858424,31.6101027117434,1
11:34:31.AM,41671.033,32.2771738947572,32.3478661663592,31.6249924101826,31.5857234504807,1
11:34:31.AM,41671.066,32.3118051919484,32.3532609219187,31.6392438650099,31.5752633164134,1
11:34:31.AM,41671.099,32.3055241878125,32.3487394087786,31.6258907694472,31.5615598568176,1
11:34:31.AM,41671.132,32.2936347580748,32.3411494641764,31.613991900684,31.5394831801964,1
11:34:31.AM,41671.165,32.2764059385127,32.3281713968884,31.5929948919893,31.5238058352355,1
11:34:31.AM,41671.198,32.2562645007825,32.3097414676034,31.5706521596602,31.5130445553164,1
11:34:31.AM,41671.231,32.2553517206221,32.2898090020455,31.5736926704426,31.5132354143623,1
11:34:31.AM,41671.264,32.2555371250402,32.2804984113719,31.5682991936634,31.5062387130644,1
11:34:31.AM,41671.297,32.2555244477492,32.263349757428,31.5635517359006,31.4959641676357,1
11:34:31.AM,41671.33,32.253440749305,32.2632149984607,31.5619442355749,31.4930258848714,1
11:34:31.AM,41671.363,32.2966893235254,32.2829124739402,31.6050734386843,31.5041463450368,1
11:34:31.AM,41671.396,32.2974772794192,32.2911587948976,31.6059371872037,31.5049154331142,1
11:34:31.AM,41671.429,32.3309043743992,32.3006342425473,31.6329405635012,31.5050093006846,1
11:34:31.AM,41671.462,32.343266462974,32.3086477019065,31.6457618693554,31.5077574381695,1
11:34:31.AM,41671.495,32.343024324601,32.314330342474,31.6453510773719,31.5089825151729,1
11:34:31.AM,41671.528,32.3556807613449,32.3160781359987,31.6553626826186,31.5090915499829,1
11:34:31.AM,41671.561,32.3592458015916,32.3176925029903,31.6580782079162,31.5100092885952,1
11:34:31.AM,41671.594,32.3588742748283,32.3223599366193,31.6638301320569,31.5104030537069,1
11:34:31.AM,41671.627,32.3589109487761,32.3230281833178,31.6644921229949,31.513332359497,1
11:34:31.AM,41671.66,32.3650908622641,32.3245827560351,31.6684004033551,31.5136398611682,1
11:34:31.AM,41671.693,32.371156578233,32.326470077968,31.6716411925476,31.5141473273744,1
11:34:31.AM,41671.726,32.3707257471743,32.3280392957526,31.6734339201015,31.5145578563941,1
11:34:31.AM,41671.759,32.3702454634304,32.3320489517251,31.6743257682022,31.517236395909,1
11:34:31.AM,41671.792,32.3699375146769,32.3322081481176,31.6744603910092,31.5167909520977,1
11:34:31.AM,41671.825,32.3703252438264,32.3372267972769,31.6747908335077,31.5169364017973,1
11:34:31.AM,41671.858,32.3737816965356,32.3415301537069,31.6757944405554,31.5181333809915,1
11:34:31.AM,41671.891,32.3722049802432,32.3412179557942,31.6739800374355,31.5180106486938,1
11:34:31.AM,41671.924,32.3711007291353,32.3413867967971,31.6696544315139,31.5179879205921,1
11:34:31.AM,41671.957,32.3489880043928,32.3155946515765,31.6320860658327,31.5137201458125,1
11:34:32.AM,41672,32.3468304453609,32.3016925230711,31.6324171783729,31.5132975197727,1
11:34:32.AM,41672.033,32.3364799546784,32.2869224004184,31.6300873262767,31.5163334000625,1
11:34:32.AM,41672.066,32.3331967917324,32.2865032655366,31.6324232818928,31.5473715374256,1
11:34:32.AM,41672.099,32.3289353757882,32.2860587400656,31.6302719324233,31.5524786984874,1
11:34:32.AM,41672.132,32.326019711088,32.2716926689103,31.631957895039,31.553767887304,1
11:34:32.AM,41672.165,32.3276445901593,32.2694324862127,31.6386347958083,31.5553047215255,1
11:34:32.AM,41672.198,32.3041493913251,32.2553390434724,31.6385081000563,31.5567141198733,1
11:34:32.AM,41672.231,32.2923959364011,32.2460382036935,31.6383981961036,31.5573414020971,1
11:34:32.AM,41672.264,32.2853237114746,32.2377508813565,31.6384668859874,31.5573732984487,1
11:34:32.AM,41672.297,32.2877829300866,32.2350078228218,31.638949249753,31.557300392594,1
11:34:32.AM,41672.33,32.2707282867624,32.2232477164202,31.6043163633898,31.5228039569669,1
11:34:32.AM,41672.363,32.2710391670113,32.2175233512152,31.6046149240994,31.5219309635584,1
11:34:32.AM,41672.396,32.2589476670655,32.2144548278601,31.588851994844,31.5053287572811,1
11:34:32.AM,41672.429,32.2690201350996,32.2281687669265,31.6053156492641,31.5257824900221,1
11:34:32.AM,41672.462,32.2730632027998,32.2411419459718,31.6248795468095,31.5714471984641,1
11:34:32.AM,41672.495,32.2786099410321,32.2882497304607,31.6250290146874,31.5803183873749,1
11:34:32.AM,41672.528,32.2963255419463,32.3162594462721,31.632453799527,31.5915960518705,1
11:34:32.AM,41672.561,32.2959887730667,32.328852609717,31.6315474501,31.5924773528263,1
11:34:32.AM,41672.594,32.3205414865642,32.3469611020051,31.6403811602839,31.6179536693439,1
11:34:32.AM,41672.627,32.3268806703868,32.371904974163,31.6400804181272,31.6190528913924,1
11:34:32.AM,41672.66,32.3320091528644,32.3807334707025,31.6453205356296,31.6457939390527,1
11:34:32.AM,41672.693,32.3312689113653,32.3806712031671,31.6452090587546,31.6027200702557,1
11:34:32.AM,41672.726,32.3313453218704,32.3803662552558,31.6462963725306,31.6077394764145,1
11:34:32.AM,41672.759,32.337051628634,32.3817872641986,31.6500872654221,31.6169444626894,1
11:34:32.AM,41672.792,32.3376710969023,32.3847334487352,31.6518562424512,31.6119161288716,1
11:34:32.AM,41672.825,32.3316716623428,32.3835804626045,31.6504065225871,31.5823764509374,1
11:34:32.AM,41672.858,32.3420462487816,32.3918479515245,31.6501422566421,31.5861251365983,1
11:34:32.AM,41672.891,32.3427694458994,32.3917329197522,31.6522870586042,31.6171182491158,1
11:34:32.AM,41672.924,32.3424970485913,32.3906018161707,31.6550295766549,31.592465175632,1
11:34:33.AM,41673,32.3413103402822,32.3860973328521,31.6527499694711,31.5606027475343,1
11:34:33.AM,41673.033,32.3431884048252,32.3864423141601,31.6558898596031,31.6198472435522,1
11:34:33.AM,41673.066,32.3427041338588,32.38570444615,31.6611640935746,31.6127314703072,1
11:34:33.AM,41673.099,32.3416623617266,32.383883872292,31.659345199922,31.5812964295338,1
11:34:33.AM,41673.132,32.3426882041316,32.3877089038465,31.6594109211256,31.6137358440704,1
11:34:33.AM,41673.165,32.3425145710914,32.3857827033334,31.6616425420855,31.5965130713519,1
11:34:33.AM,41673.198,32.3420589920718,32.385506409201,31.6624695420274,31.6024428673265,1
11:34:33.AM,41673.231,32.3428729899023,32.385632577631,31.6625475053633,31.6299393377326,1
11:34:33.AM,41673.264,32.3433461145227,32.3855255739645,31.6681220833204,31.6044610732555,1
11:34:33.AM,41673.297,32.3438272179613,32.3864103711471,31.6682566550532,31.6171365425315,1
11:34:33.AM,41673.33,32.3510103716999,32.3873798687939,31.6811638665574,31.6555231259874,1
11:34:33.AM,41673.363,32.3484557593322,32.3876002896175,31.6865748605952,31.6964003514941,1
11:34:33.AM,41673.396,32.3490342180882,32.386504603211,31.6873036064655,31.6757975004272,1
11:34:33.AM,41673.429,32.3481753016986,32.3815765001809,31.68766186739,31.6604487398189,1
11:34:33.AM,41673.462,32.3483314650266,32.3815397764195,31.6871795948968,31.6712297495393,1
11:34:33.AM,41673.495,32.3470025299351,32.3816259975521,31.6877567925396,31.6993264741483,1
11:34:33.AM,41673.528,32.346717316654,32.3816659148939,31.68693157458,31.6955272120804,1
11:34:33.AM,41673.561,32.3452769843911,32.3817090257301,31.6845449540047,31.6867754155692,1
11:34:33.AM,41673.594,32.3407321492322,32.3800517336614,31.6753324064884,31.677821731087,1
11:34:33.AM,41673.627,32.3480526029661,32.3800309786375,31.6825780525908,31.6850592956454,1
11:34:33.AM,41673.66,32.3462122302345,32.3799910652027,31.6936049377755,31.7144894093102,1
11:34:33.AM,41673.693,32.3469658821456,32.380038961336,31.693557458161,31.669187982975,1
11:34:33.AM,41673.726,32.3497433753267,32.3864439113123,31.7066823914492,31.7202980256872,1
11:34:33.AM,41673.759,32.3497178770161,32.3870316737082,31.7054806990146,31.7110653313117,1
11:34:33.AM,41673.792,32.3548438206707,32.3868895227547,31.7065245110054,31.7202136502565,1
11:34:33.AM,41673.825,32.3547784613562,32.3872728539355,31.7104336495461,31.7380387906226,1
11:34:33.AM,41673.858,32.3563184585996,32.3897966704437,31.7070150183393,31.7379589310179,1
11:34:33.AM,41673.891,32.3566851455534,32.3898653619185,31.7105747025836,31.7408725227951,1
11:34:33.AM,41673.924,32.3567218146918,32.3897279792514,31.7045641612943,31.7397297555618,1
11:34:33.AM,41673.957,32.357810765389,32.3895953900742,31.7064831251216,31.739545445731,1
11:34:34.AM,41674,32.3589715406926,32.3896049747987,31.7018133237089,31.7342842745762,1
11:34:34.AM,41674.033,32.3510836851259,32.3905203413268,31.7102680670964,31.7607838968794,1
11:34:34.AM,41674.066,32.3502533497214,32.3879437046665,31.6927610464576,31.6977377237779,1
11:34:34.AM,41674.099,32.3424253658284,32.3876370267042,31.7031189560978,31.7363694987167,1
11:34:34.AM,41674.132,32.3439371408925,32.388387758776,31.7108966760277,31.7577068510327,1
11:34:34.AM,41674.165,32.3437634948545,32.3909916228822,31.7125787069312,31.7705370730052,1
11:34:34.AM,41674.198,32.3437842048375,32.3920061215045,31.715262341041,31.7829630815014,1
11:34:34.AM,41674.231,32.3459286237425,32.4013695756126,31.7175460767438,31.7911162198124,1
11:34:34.AM,41674.264,32.3651339303329,32.4341806237332,31.7254211959666,31.8275721857466,1
11:34:34.AM,41674.297,32.3654497662316,32.4340268593885,31.7186734915318,31.8009614528742,1
11:34:34.AM,41674.33,32.3613347970001,32.4331939937472,31.7173328736967,31.8006654549431,1
11:34:34.AM,41674.363,32.3593988794015,32.4314178860983,31.7048492327444,31.734344155809,1
11:34:34.AM,41674.396,32.3593430696207,32.4310767797044,31.6919539533828,31.7299073957552,1
11:34:34.AM,41674.429,32.3600319348345,32.4303881823558,31.7090047894729,31.7379589310179,0
11:34:34.AM,41674.462,32.3642789702012,32.4261691408129,31.7072357514357,31.722967581981,0
11:34:34.AM,41674.495,32.3642422844588,32.4248580122096,31.7069674997983,31.7247398554011,0
11:34:34.AM,41674.528,32.3763848808652,32.4237150608703,31.7011299004029,31.6838683744557,0
11:34:34.AM,41674.561,32.3794051469558,32.4204163074719,31.6950845328808,31.6539829346732,0
11:34:34.AM,41674.594,32.379092239908,32.4124450060069,31.686979034967,31.6325529822318,0
11:34:34.AM,41674.627,32.3823173793931,32.411769971961,31.6813765988498,31.6173804566999,0
11:34:34.AM,41674.66,32.3770792383036,32.4102808344664,31.6786617915316,31.6320906433796,0
11:34:34.AM,41674.693,32.3681043000014,32.4099753457485,31.6779900457517,31.6541128063124,0
11:34:34.AM,41674.726,32.3650972427118,32.4085887210638,31.6877016746437,31.6815174016013,0
11:34:34.AM,41674.759,32.3635388908141,32.4079618189376,31.6775631419322,31.6795983032262,0
11:34:34.AM,41674.792,32.3619711154799,32.4065321862122,31.6765104661614,31.6729933681505,0
11:34:34.AM,41674.825,32.3618435308833,32.4031329018799,31.6752758005634,31.6641527155158,0
11:34:34.AM,41674.858,32.3584341937387,32.3885043648692,31.6728511091185,31.6145832848833,0
11:34:34.AM,41674.891,32.3582603967941,32.3804652429728,31.6723050294913,31.5852548291829,0
11:34:34.AM,41674.924,32.3579510745983,32.378634065164,31.6737459849159,31.5811747414659,0
11:34:34.AM,41674.957,32.3581918351944,32.3727092579258,31.6744328544358,31.5787442125645,0
11:34:35.AM,41675,32.3586446658558,32.3680628196654,31.6744573313876,31.5782332087848,0
11:34:35.AM,41675.033,32.3601212342585,32.3641067074145,31.6745873658089,31.5787883178082,0
11:34:35.AM,41675.066,32.3579973131189,32.3648819039523,31.6718782740761,31.5884867641684,0
11:34:35.AM,41675.099,32.3579446968814,32.3655438801043,31.6716396630005,31.5926706670039,0
11:34:35.AM,41675.132,32.3578825142691,32.3661420739008,31.6679324613954,31.5986477932313,0
11:34:35.AM,41675.165,32.3581009516475,32.3661293122094,31.6651816616936,31.6034237603837,0
11:34:35.AM,41675.198,32.3582412632961,32.3677628879952,31.6638224879763,31.6066623447257,0
11:34:35.AM,41675.231,32.3582109686358,32.3688701093309,31.6631712254384,31.6131048645638,0
11:34:35.AM,41675.264,32.3576975622274,32.3688876595397,31.6631758117036,31.614464396648,0
11:34:35.AM,41675.297,32.3517801787359,32.3687392810828,31.6583701117206,31.6451540841374,0
11:34:35.AM,41675.33,32.3494517407242,32.3564204924213,31.6815985167802,31.6480664664653,0
11:34:35.AM,41675.363,32.3500302340061,32.3542587842071,31.6817898277578,31.6397827346438,0
11:34:35.AM,41675.396,32.3526105901113,32.3483314650266,31.6815801510441,31.6191489434378,0
11:34:35.AM,41675.429,32.348196017158,32.3482756922417,31.6806022053857,31.619313605402,0
11:34:35.AM,41675.462,32.3464241416025,32.3384880658067,31.6804828357421,31.6033765421308,0
11:34:35.AM,41675.495,32.3462600295561,32.3393608175285,31.6711012713162,31.5886145939744,0
11:34:35.AM,41675.528,32.3452785776103,32.3390948463822,31.6714255278207,31.5841548392425,0
11:34:35.AM,41675.561,32.324398172777,32.2892484731548,31.6629052242602,31.5452465557797,0
11:34:35.AM,41675.594,32.3245668436048,32.2886180991742,31.6455618169504,31.5346015368962,0
11:34:35.AM,41675.627,32.3250378579694,32.2890039423806,31.6380639094599,31.5336111272358,0
11:34:35.AM,41675.66,32.3242485981872,32.2825934357434,31.6189095766931,31.5083071213842,0
11:34:35.AM,41675.693,32.3165791297154,32.2665319715009,31.6050551587864,31.5022979572697,0
11:34:35.AM,41675.726,32.3111103656218,32.2462931906132,31.6086125080152,31.4882897404712,0
11:34:35.AM,41675.759,32.304386197895,32.2107878871992,31.5967429744787,31.4656415898632,0
11:34:35.AM,41675.792,32.3002274739214,32.2119052700445,31.5968267148332,31.4770410679402,0
11:34:35.AM,41675.825,32.3109593202529,32.3041859451398,31.6163682367255,31.581781669736,0
11:34:35.AM,41675.858,32.305807107981,32.3515235724451,31.6335311085545,31.6280323888694,0
11:34:35.AM,41675.891,32.2949785072684,32.4479161975955,31.6564216379655,31.8936718596955,0
11:34:35.AM,41675.924,32.2913620672965,33.3252858427658,31.6946035732092,32.500560761687,0
11:34:35.AM,41675.957,32.3495122983098,34.1977564692675,31.8155336148483,33.1691962346236,0
11:34:35.AM,41675.967,32.3017608528021,35.1188215670561,31.6449158629342,33.8300043860388,0
11:34:36.AM,41676,32.2926405169717,35.7697176720532,31.6550723605271,34.2900728739711,0
11:34:36.AM,41676.033,32.2686236532765,36.2382290232566,31.621175315939,34.6503387873946,0
11:34:36.AM,41676.066,32.2784877532692,36.4697159006913,31.6221237873845,34.9505120735315,0
11:34:36.AM,41676.099,32.3024107937854,36.4248516957136,31.6418727400228,34.8352116437735,0
11:34:36.AM,41676.132,32.3015272616242,36.0068868246794,31.6473791768459,34.5782181809021,0
11:34:36.AM,41676.165,32.383883872292,35.7007726832621,31.7821299736187,34.3661487707106,0
11:34:36.AM,41676.198,32.4349158290384,34.3663118454421,31.8404695242457,33.4088656287797,0
11:34:36.AM,41676.231,32.4005159559259,32.625992229955,31.8379723752735,32.249134737861,0
11:34:36.AM,41676.264,32.3985675005457,32.126104920871,31.7940577660484,31.5386350830413,0
11:34:36.AM,41676.297,32.3401141600168,32.047674454427,31.7855489112642,31.8090896064135,0
11:34:36.AM,41676.33,32.3420414700503,32.196990372999,31.7632431808357,31.6756047296236,0
11:34:36.AM,41676.363,32.3299222336664,32.1771057265297,31.7442582850008,31.7663443423627,0
11:34:36.AM,41676.396,32.3265687465412,32.1504440490911,31.7371142859567,31.753371365014,0
11:34:36.AM,41676.429,32.3252908745567,32.198999099028,31.7307148273295,31.6685319188661,0
11:34:36.AM,41676.462,32.3038823919801,32.1575630851818,31.7060202234789,31.6779609730949,0
11:34:36.AM,41676.495,32.3040492660695,32.0144374837533,31.7030775788252,31.3294434649348,0
11:34:36.AM,41676.528,32.2902139284173,32.1505826206381,31.6640915617644,31.4874669930646,0
11:34:36.AM,41676.561,32.2846966608868,32.1586186005401,31.678498060518,31.5750306748873,0
11:34:36.AM,41676.594,32.3254356845194,32.170979427319,31.6829744751652,31.6354844846455,0
11:34:36.AM,41676.627,32.3345739855766,32.140857079337,31.7190815274452,31.6078339383131,0
11:34:36.AM,41676.66,32.3383224392477,32.0844661449063,31.730711757172,31.5778286754854,0
11:34:36.AM,41676.693,32.3289974506111,32.0569116836266,31.7183866453039,31.5933069455973,0
11:34:36.AM,41676.726,32.3230918272573,32.0131615538832,31.7021887589719,31.4435604003009,0
11:34:36.AM,41676.759,32.3148392352367,31.9588052269068,31.6828107009677,31.1117003845462,0
11:34:36.AM,41676.792,32.313686297343,31.9869214458098,31.6694647918139,31.2997384216593,0
11:34:36.AM,41676.825,32.3950020478019,32.005272343075,31.6971846848701,31.3467301626352,0
11:34:36.AM,41676.858,32.485090127133,32.0175160507354,31.7552852945882,31.4477600038674,0
11:34:36.AM,41676.891,32.5539019087203,32.0670486718541,31.9393398470697,31.5066959812774,0
11:34:36.AM,41676.924,32.5708458450517,32.0700586985641,31.9926836428307,31.5773967788322,0
11:34:36.AM,41676.957,32.5603043133674,32.0484835428649,31.9965522267101,31.5708649769538,0
11:34:37.AM,41677,32.5402081866647,32.057328192719,31.9858939743609,31.5692050757554,0
11:34:37.AM,41677.033,32.4628904268961,32.0620326550745,31.9634941650326,31.5688326852434,0
11:34:37.AM,41677.066,32.3303313192938,32.0750802842833,31.9212841911996,31.5732684851448,0
11:34:37.AM,41677.099,32.2257895236732,31.9698525137511,31.8710826841298,31.526837612623,0
11:34:37.AM,41677.132,32.1644881755104,31.9798317917346,31.8520871816267,31.4642883857649,0
11:34:37.AM,41677.165,32.1607613456758,32.035261397916,31.7964480643487,31.4345840725329,0
11:34:37.AM,41677.198,32.0985015487957,32.0502677462314,31.5786894613933,31.4147069642187,0
11:34:37.AM,41677.231,31.882616641475,32.1433926007898,31.0073677928942,31.419183742065,0
11:34:37.AM,41677.264,31.7517666035683,32.1658845733848,30.8431761339713,31.4192695853971,0
11:34:37.AM,41677.297,31.7742768161239,32.1655803818968,30.9142767051491,31.3861317064653,0
11:34:37.AM,41677.33,31.8008196198661,32.179793496292,30.8762390207457,31.3548014110994,0
11:34:37.AM,41677.363,31.6863559369805,32.3531110883243,30.8331098786612,31.360190481887,0
11:34:37.AM,41677.396,31.6365497834993,32.3507362460911,30.7390236221048,31.4031811466001,0
11:34:37.AM,41677.429,31.6461848889963,32.7042953220124,30.8152169519056,31.603696410388,0
11:34:37.AM,41677.462,31.6522228937764,33.1325780843887,30.8291170950744,31.7851607797877,0
11:34:37.AM,41677.495,31.7790319842992,33.3670308816496,30.8361915398916,31.8908457413193,0
11:34:37.AM,41677.528,31.7878701907658,33.1973435247819,30.8436963239955,31.8590864733335,0
11:34:37.AM,41677.561,31.7891565089427,33.0297603656199,30.8643127098547,31.85653544713,0
11:34:37.AM,41677.594,31.7209607714632,32.275698307708,30.8024897918194,31.6059432808302,0
11:34:37.AM,41677.627,31.6258724662185,31.8508392232066,30.7495389553174,31.3693554195287,0
11:34:37.AM,41677.66,31.5840441957487,31.5525085234623,30.7731865209091,31.2098951882581,0
11:34:37.AM,41677.693,31.6352405809876,31.4204540557383,30.9653446733259,31.1956172992175,0
11:34:37.AM,41677.726,31.7391175719861,31.4560599713042,30.9745127505505,31.0060352079221,0
11:34:37.AM,41677.759,31.7402030048008,31.4359048661593,30.9947358291335,31.0446489021207,0
11:34:37.AM,41677.792,31.7537607593601,31.4184192808583,30.9964376014834,30.9934942688076,0
11:34:37.AM,41677.825,31.7521536946049,31.2452963485511,30.9808290735052,30.5570358202832,0
11:34:37.AM,41677.858,31.77936783356,31.294978930294,30.9822827217382,30.6773647056125,0
11:34:37.AM,41677.891,31.7577728712718,31.0849131186367,30.8955268944346,30.4138477486119,0
11:34:37.AM,41677.924,31.8416283094413,31.0384368204466,30.8971046250807,30.3597536217159,0
11:34:37.AM,41677.957,31.8646494589832,31.0138885090091,30.9396861832275,30.4569086631552,0
11:34:38.AM,41678,31.957285712942,30.9322845509725,30.9489086963134,30.2561474846382,0
11:34:38.AM,41678.033,32.5130851507803,30.9886312228231,31.0897085457726,30.2220310205251,0
11:34:38.AM,41678.066,32.9725144667857,31.0244895127766,31.3124678670659,30.2245287165397,0
11:34:38.AM,41678.099,33.0967907108781,31.0492503699312,31.4716048520655,30.2670751655324,0
11:34:38.AM,41678.132,32.9575297896849,31.0648761372,31.4120312911062,30.1318160488305,0
11:34:38.AM,41678.165,32.854202581268,31.0693153761729,31.2450374809471,30.1813497447891,0
11:34:38.AM,41678.198,32.2385358024097,31.0948988108074,31.1146875336921,30.2110380307573,0
11:34:38.AM,41678.231,31.5924211134917,31.0988582610924,30.9225764614606,30.2237601448096,0
11:34:38.AM,41678.264,31.1466709421303,30.9761563580466,30.6617256610569,30.2304559838198,0
11:34:38.AM,41678.297,30.968285199134,30.9848540404311,30.4814454296325,30.2399229847684,0
11:34:38.AM,41678.33,30.8532257801021,30.9896864485611,30.2492109460187,30.130917557696,0
11:34:38.AM,41678.363,30.7738342812694,30.9174756297418,30.1084444453114,30.0422126925069,0
11:34:38.AM,41678.396,30.6827919006477,30.9311128068857,30.0260906548496,30.0616626758759,0
11:34:38.AM,41678.429,30.6399365868433,30.8856639760787,29.9276455573841,30.0365339047219,0
11:34:38.AM,41678.462,30.6513007856316,30.8960597210466,29.9474665863047,30.0381062862675,0
11:34:38.AM,41678.495,30.5629605178811,30.7907250002045,29.8765725589366,29.9764139174495,0
11:34:38.AM,41678.528,30.5296871830343,30.8774075412786,29.8747014076515,29.989340601327,0
11:34:38.AM,41678.561,30.4845523105355,30.9768570418886,29.8592790648272,30.0223858778412,0
11:34:38.AM,41678.594,30.4038211496679,31.0916983366905,29.7622861186756,30.1850985494447,0
11:34:38.AM,41678.627,30.3228622002954,31.6866665080311,29.6498263860107,30.455093070148,0
11:34:38.AM,41678.66,30.3757316386843,31.975389207819,29.6541181252161,30.5832281551735,0
11:34:38.AM,41678.693,30.4036802880314,31.8444464707321,29.6964726994483,30.5663170664901,0
11:34:38.AM,41678.726,30.4702911617702,31.6740535790875,29.7410327593471,30.5202768873366,0
11:34:38.AM,41678.759,30.4703310941382,31.2148776698078,29.7465913860371,30.4767748423753,0
11:34:38.AM,41678.792,30.468139400567,30.7480947386227,29.7868347974912,30.4114965138277,0
11:34:38.AM,41678.825,30.4702527084744,30.3729906988898,29.8805722747984,30.2183065268294,0
11:34:38.AM,41678.858,30.471101660772,30.0450893494405,29.9109969907448,29.9648252836888,0
11:34:38.AM,41678.891,30.493183089663,30.0860066729413,29.9220852461711,29.5949438517988,0
11:34:38.AM,41678.924,30.4889229241982,30.1498069544758,29.9216151008161,29.6910860110468,0
11:34:39.AM,41679,30.4850659730298,30.0835748805073,29.9226943390164,29.7274950516488,0
11:34:39.AM,41679.033,30.498688563754,29.9844220448389,29.9396462404531,29.5390045498264,0
11:34:39.AM,41679.066,30.5714809249713,30.004957473114,29.941439445594,29.4427892801535,0
11:34:39.AM,41679.099,30.6511614067892,29.9568497377107,29.9351167361005,29.4082055248099,0
11:34:39.AM,41679.132,30.5982709419562,29.8942164141603,29.8374557295351,29.3495679868941,0
11:34:39.AM,41679.165,30.9314674078198,29.9284597531933,29.837824776718,29.3313700355346,0
11:34:39.AM,41679.198,31.6381643072074,29.9464931221545,29.9537494569699,29.267936450587,0
11:34:39.AM,41679.231,31.7819695490826,29.9019821008446,30.0832857096659,29.2683141235036,0
11:34:39.AM,41679.264,31.7139522367952,29.9067321235663,30.1102058054106,29.2646852486129,0
11:34:39.AM,41679.297,31.5343138033893,29.9207385564359,30.0941225405214,29.2461950897167,0
11:34:39.AM,41679.33,31.2015223899737,29.930460845151,29.9982766305485,29.2443555945835,0
11:34:39.AM,41679.363,30.6164550203293,29.8716909372202,29.8144313749391,29.2279328685629,0
11:34:39.AM,41679.396,30.2731000118144,29.8625349587726,29.6173728720771,29.233253297466,0
11:34:39.AM,41679.429,29.927308330939,29.7949364564065,29.497810566347,29.2390718568648,0
11:34:39.AM,41679.462,29.7231763958795,29.7982607494046,29.3465087393238,29.2555625319942,0
11:34:39.AM,41679.495,29.6629122146975,29.8068523059094,29.1400382389105,29.2502023750526,0
11:34:39.AM,41679.528,29.5657971631343,29.8056778605202,29.1492434785348,29.2334855148259,0
11:34:39.AM,41679.561,29.3634814978615,29.7235992874321,28.8718003991174,29.166915924255,0
11:34:39.AM,41679.594,29.2874282163741,29.7362153736042,28.9322340403537,29.1451351971847,0
11:34:39.AM,41679.627,29.3825454074676,29.7440470864883,28.8343389809798,29.1500198516953,0
11:34:39.AM,41679.66,29.3690938587403,29.7216558010515,28.8031063272507,29.1403183557319,0
11:34:39.AM,41679.693,29.3072316938599,29.7076798396365,28.7302459589224,29.0413630250929,0
11:34:39.AM,41679.726,29.2253940125821,29.9065429591927,28.6416931824971,29.1371874702969,0
11:34:39.AM,41679.759,29.2390868992382,30.1663248527482,28.6572915340157,29.2137943682943,0
11:34:39.AM,41679.792,29.2569948807005,30.733818532876,28.6541552095608,29.3868227343684,0
11:34:39.AM,41679.825,29.2705937599261,30.8692162131295,28.6598008014547,29.4718592772496,0
11:34:39.AM,41679.858,29.2763542101355,30.7429501697237,28.6676074295564,29.4555027228729,0
11:34:39.AM,41679.891,29.3083058443815,30.588843138926,28.6726271817221,29.4187556903566,0
11:34:39.AM,41679.924,29.2344127099774,29.9964917287932,28.552290685525,29.2830955246962,0
11:34:39.AM,41679.957,29.2073200425929,29.4901551695829,28.5691078482604,29.1184383211006,0
11:34:39.AM,41679.967,29.1963402407137,29.1115167672203,28.5708502272106,28.8824649929807,0
11:34:40.AM,41680,29.1762413445072,28.844850251326,28.5788018462354,28.8178770615141,0
11:34:40.AM,41680.033,29.1732487779995,28.9676327491849,28.5846417652285,28.7745371197279,0
11:34:40.AM,41680.066,29.2320049196368,28.955497981289,28.5888861398704,28.7640915515991,0
11:34:40.AM,41680.099,29.2386189373856,28.8849535647278,28.5900932677093,28.5764743307006,0
11:34:40.AM,41680.132,29.2881074758117,28.8111406899696,28.5925064711141,28.3910646117102,0
11:34:40.AM,41680.165,29.2970759172244,28.7593402676309,28.5472201157985,28.2766558802811,0
11:34:40.AM,41680.198,29.3008270164904,28.6661493693155,28.539473479139,28.2181592550159,0
11:34:40.AM,41680.231,29.3641711866877,28.7436917910427,28.5418394034781,28.0744332415127,0
11:34:40.AM,41680.264,29.4364053193782,28.7083116483171,28.5422067726747,28.1207609942724,0
11:34:40.AM,41680.297,30.3053975525155,28.6886685616656,28.7378095318657,28.018014267268,0
11:34:40.AM,41680.33,30.4772027318326,28.6649214836573,28.884201056881,27.9197890665317,0
11:34:40.AM,41680.363,30.4755471944457,28.6567342420014,28.9211273224357,27.8414844259619,0
11:34:40.AM,41680.396,30.2948984660062,28.6150621506715,28.8874450840001,27.8048708360378,0
11:34:40.AM,41680.429,30.0130721359112,28.5980185373596,28.6839181879715,27.8650770160751,0
11:34:40.AM,41680.462,29.3623325681414,28.5664962271993,28.4542884611159,27.8902344081207,0
11:34:40.AM,41680.495,28.9187322354379,28.5364971705547,28.2403704521131,27.9126067795113,0
11:34:40.AM,41680.528,28.5004123792803,28.4355027915539,28.1113256686801,27.9051060992855,0
11:34:40.AM,41680.561,28.2540589915034,28.4266183816502,27.96474884456,27.9166541425954,0
11:34:40.AM,41680.594,28.1219161231017,28.4430930182679,27.8034596520719,27.9011854333525,0
11:34:40.AM,41680.627,28.2398168579238,28.4487196333262,27.8880004142072,27.9073937571303,0
11:34:40.AM,41680.66,28.0369025948231,28.3466737609094,27.7260085023217,27.8025890479727,0
11:34:40.AM,41680.693,27.9943367121632,28.3787605810566,27.6318067790792,27.7856085016922,0
11:34:40.AM,41680.726,27.9901767430488,28.3136375222007,27.523212598031,27.6805668987654,0
11:34:40.AM,41680.759,27.9528234500875,28.3893967862257,27.4565159820833,27.6042662725474,0
11:34:40.AM,41680.792,27.9975847201156,28.5623453807137,27.4789769976574,27.7637459606354,0
11:34:40.AM,41680.825,28.0244947817494,28.9641944955792,27.490474223504,27.9145801918395,0
11:34:40.AM,41680.858,28.037063573036,29.3369022556437,27.4744961261525,28.157683792343,0
11:34:40.AM,41680.891,28.0312138461583,29.5893343596009,27.4389077236398,28.2615961508876,0
11:34:40.AM,41680.924,28.0389114871803,29.4355468987799,27.4310102459701,28.2205683610146,0
11:34:40.AM,41680.957,27.982678573151,29.3651737213762,27.439340287272,28.1738184844355,0
11:34:41.AM,41681,27.9670365137588,28.7129143912655,27.4388141232367,27.9835857392253,0
11:34:41.AM,41681.033,27.9580386626154,28.2568609812684,27.4243659257364,27.7758449307746,0
11:34:41.AM,41681.066,27.9580535528633,27.8534372708728,27.417500607645,27.6020550528336,0
11:34:41.AM,41681.099,27.9422257373203,27.6282998282649,27.4206831474743,27.4787245595659,0
11:34:41.AM,41681.132,27.9463153116648,27.3825227047413,27.4255645992465,27.4439003198145,0
11:34:41.AM,41681.165,27.9487609526928,27.5632632261771,27.4255359029443,27.4306956457902,0
11:34:41.AM,41681.198,27.9514722010167,27.5484345238261,27.4263381168361,27.3981234847046,0
11:34:41.AM,41681.231,27.9783672589768,27.3121928556899,27.4276961136926,27.1108999502393,0
11:34:41.AM,41681.264,28.0622735474942,27.3080331396951,27.4321587984195,26.852775941055,0
11:34:41.AM,41681.297,28.0854150009511,27.3120665517566,27.4326907293442,26.7555251518914,0
11:34:41.AM,41681.33,28.2754718723644,27.3683465376779,27.4335532597795,26.8330665900726,0
11:34:41.AM,41681.363,28.5720415908826,27.3153533178347,27.3998590724771,26.7995398645681,0
11:34:41.AM,41681.396,28.9531114290234,27.2714346740427,27.4498766296625,26.7349796982228,0
11:34:41.AM,41681.429,29.1914637774284,27.1808390575498,27.5364361871242,26.6661141429854,0
11:34:41.AM,41681.462,29.1873953029444,27.1901103093792,27.5336400262647,26.6543101994111,0
11:34:41.AM,41681.495,28.9874328301464,27.2070942704056,27.509815177261,26.618255621583,0
11:34:41.AM,41681.528,28.9707064119786,27.217276142935,27.4095606148454,26.631486601226,0
11:34:41.AM,41681.561,28.2901491698161,27.2188433965954,27.2492939628249,26.6562928999167,0
11:34:41.AM,41681.594,27.739271521559,27.2264389793064,27.0500384091611,26.7029195929065,0
11:34:41.AM,41681.627,27.4301801909157,27.2154104656974,26.889024826351,26.7034265339335,0
11:34:41.AM,41681.66,27.0657296659136,27.215627146436,26.6878675640902,26.7392522414674,0
11:34:41.AM,41681.693,26.9122019412935,27.1958357256744,26.6030128077893,26.7327344936437,0
11:34:41.AM,41681.726,26.9309189601875,27.1986555288752,26.6288942675663,26.7473944676615,0
11:34:41.AM,41681.759,26.875737957969,27.1960230793054,26.5395502075112,26.7423877234055,0
11:34:41.AM,41681.792,26.7897152706337,27.2027285461824,26.391073470159,26.730828901994,0
11:34:41.AM,41681.825,26.7926454623171,27.2353605129102,26.2473797120128,26.6565037056982,0
11:34:41.AM,41681.858,26.7575655184294,27.2953740452773,26.1811124451055,26.569664985331,0
11:34:41.AM,41681.891,26.6937195827406,27.2026309364816,26.1555129397602,26.475343636136,0
11:34:41.AM,41681.924,26.6391666295362,27.2755056075847,26.0781273378701,26.4942931509416,0
11:34:41.AM,41681.957,26.6676548715024,27.5047340949122,26.1107728196589,26.6063658682632,0
11:34:42.AM,41682,26.6834697980354,27.9508281785935,26.1066373911411,26.7649345674832,0
11:34:42.AM,41682.033,26.6940596237656,27.9945103015575,26.1209576155376,26.7998851477896,0
11:34:42.AM,41682.066,26.6991815388448,27.8383698394657,26.1312186585293,26.7695074350839,0
11:34:42.AM,41682.099,26.704092301408,27.5943405904281,26.1305895766985,26.6686406798303,0
11:34:42.AM,41682.132,26.6836667549657,27.1245943055971,26.0386297540826,26.5226109990887,0
11:34:42.AM,41682.165,26.6702859790686,26.778766543355,26.0257130232443,26.3865935268099,0
11:34:42.AM,41682.198,26.5869794741121,26.3616452176864,26.0040908248965,26.255187461171,0
11:34:42.AM,41682.231,26.5812012467164,26.2218544452093,26.0097199716027,26.1768679163291,0
11:34:42.AM,41682.264,26.5890064124638,26.3138763783195,26.0152478631837,26.0576149161725,0
11:34:42.AM,41682.297,26.5871145083419,26.4071934325274,26.0200735141496,26.0084810376671,0
11:34:42.AM,41682.33,26.5906027072307,26.2732131271989,26.0150406652022,25.9820713189982,0
11:34:42.AM,41682.363,26.5742703081607,26.1107701026535,26.0162357972211,25.7897584524403,0
11:34:42.AM,41682.396,26.5771148414824,26.0587838374352,25.9808670071462,25.5875594280711,0
11:34:42.AM,41682.429,26.7519565096623,26.1022322557804,25.9832051707877,25.5022249588509,0
11:34:42.AM,41682.462,27.0144810594141,26.0364759317015,26.0060842495995,25.4163425268237,0
11:34:42.AM,41682.495,27.1062372421728,25.9797612759013,25.9810403177002,25.3668701872946,0
11:34:42.AM,41682.528,27.5786151676126,25.9715951733076,26.1330688280099,25.3460979257199,0
11:34:42.AM,41682.561,27.7258070994412,25.9813907460571,26.189524045516,25.3499691798564,0
11:34:42.AM,41682.594,27.5569494879275,25.9714912166214,26.1865718119336,25.295489264987,0
11:34:42.AM,41682.627,27.5331641690895,25.9088299086419,26.0225479856231,25.2805889684671,0
11:34:42.AM,41682.66,26.9410647990697,25.923652156566,25.8483768114405,25.2897930969318,0
11:34:42.AM,41682.693,26.3616511423397,25.9212184419603,25.7111013881195,25.3095062414095,0
11:34:42.AM,41682.726,25.9628346792863,25.8683097543159,25.558111723615,25.3590901456355,0
11:34:42.AM,41682.759,25.7638686906393,25.8290338828469,25.3961169214792,25.3463304373663,0
11:34:42.AM,41682.792,25.3625715428223,25.7542283798769,25.3175358890789,25.346410970859,0
11:34:42.AM,41682.825,25.4633681644398,25.7676227237564,25.2379879252676,25.3551407883853,0
11:34:42.AM,41682.858,25.4343169855289,25.7798826212813,25.0745081027106,25.2916664395477,0
11:34:42.AM,41682.891,25.372016287533,25.8435263800372,24.9902145413518,25.2665630324883,0
11:34:42.AM,41682.924,25.3691478524003,25.9256280349535,24.9179486540973,25.2976555488584,0
11:34:42.AM,41682.957,25.321480533484,25.8670215232937,24.8649121645495,25.2171709225972,0
11:34:43.AM,41683,25.2673036191416,25.9729082949727,24.8009860928168,25.2157999667067,0
11:34:43.AM,41683.033,25.2745478180983,25.9514607901325,24.8171608706404,25.1946846979198,0
11:34:43.AM,41683.066,25.2883630400253,26.4864213251568,24.8184756130437,25.2971018740483,0
11:34:43.AM,41683.099,25.2864546607593,26.7594841771312,24.7924903382658,25.5113662858956,0
11:34:43.AM,41683.132,25.2843413110258,26.6931654110449,24.7715932929635,25.535199851492,0
11:34:43.AM,41683.165,25.2837311862794,26.5285176685846,24.7790727450705,25.4971500832896,0
11:34:43.AM,41683.198,25.2790498712436,26.1571641055942,24.7844393063583,25.3680302859226,0
11:34:43.AM,41683.231,25.2823774699442,25.7028177212162,24.764604835266,25.1501309061535,0
11:34:43.AM,41683.264,25.2562877432513,25.2812397242345,24.7207563212622,24.9339093268012,0
11:34:43.AM,41683.297,25.2410150153265,25.0265409958918,24.7242689142517,24.7846286418178,0
11:34:43.AM,41683.33,25.2312175659764,24.7694745195164,24.7289301151214,24.8117343283928,0
11:34:43.AM,41683.363,25.2292352895195,24.7312237824022,24.7338172688151,24.8218619221972,0
11:34:43.AM,41683.396,25.2660066829646,24.8585732239843,24.7213617990477,24.7911302339325,0
11:34:43.AM,41683.429,25.2738068285219,24.6901101741576,24.7232728190151,24.5537827037962,0
11:34:43.AM,41683.462,25.2904035185072,24.6259975728021,24.7265210780102,24.5102080972736,0
11:34:43.AM,41683.495,25.3460219291988,24.6236522523094,24.7130144106868,24.3152919291198,0
11:34:43.AM,41683.528,25.4638176814508,24.6736259943105,24.7310701075631,24.2873508851428,0
11:34:43.AM,41683.561,25.5950625126818,24.6329885068877,24.6903394092808,24.2517669575154,0
11:34:43.AM,41683.594,25.9364448774328,24.5766684304938,24.7222223531674,24.2002378127366,0
11:34:43.AM,41683.627,26.194223400811,24.5069817997144,24.8125388900111,24.1412219485433,0
11:34:43.AM,41683.66,26.1951458634682,24.5135328630876,24.7947341653522,23.9968764408811,0
11:34:43.AM,41683.693,26.0732313334447,24.5222982938272,24.7719883125102,23.9943890421995,0
11:34:43.AM,41683.726,25.9587409782215,24.5455625540636,24.7385377884043,24.0165584648449,0
11:34:43.AM,41683.759,25.4406396378202,24.5470160296176,24.5908227138995,24.0198945238699,0
11:34:43.AM,41683.792,25.0051542903187,24.5503524217553,24.4047795890267,24.0307782915139,0
11:34:43.AM,41683.825,24.7359028383601,24.5510623037112,24.2612281065443,24.0536881913635,0
11:34:43.AM,41683.858,24.376374178594,24.5533049823323,23.9724228776412,24.0614681444931,0
11:34:43.AM,41683.891,24.2858217761707,24.5266616629818,23.9128860137502,24.0675022429429,0
11:34:43.AM,41683.924,24.1015869262684,24.5166134334487,23.6751349500241,24.0698323695808,0
11:34:43.AM,41683.957,24.1723303671183,24.5646728844078,23.712722436942,24.03786556207,0
11:34:44.AM,41684,23.9998280070448,24.585802093277,23.6855431994302,24.040519131002,0
11:34:44.AM,41684.033,24.0608125074829,24.5330316508989,23.5835820388161,23.9531513120419,0
11:34:44.AM,41684.066,24.0235549618764,24.5289310926781,23.5079679232028,23.8820979593288,0
11:34:44.AM,41684.099,24.0000854737469,24.5485271532427,23.4736862464259,23.8603649786958,0
11:34:44.AM,41684.132,23.9524150835669,24.6447118762577,23.4167475788808,23.9184620262828,0
11:34:44.AM,41684.165,23.8815552783838,25.0934889160079,23.3614203056232,24.0814536882904,0
11:34:44.AM,41684.198,23.8965754169853,25.3123572251925,23.3741031734182,24.1881326128054,0
11:34:44.AM,41684.231,23.9034251199422,25.2564093013795,23.3856007677359,24.1765339078691,0
11:34:44.AM,41684.264,23.9163825797872,25.137119707024,23.390894207524,24.1398671704205,0
11:34:44.AM,41684.297,23.9548489259729,24.9665966663484,23.378989941572,24.0834289156696,0
11:34:44.AM,41684.33,23.9461832259168,24.5258939000168,23.3289147677348,23.9173420772741,0
11:34:44.AM,41684.363,23.8836429239912,24.0215484926948,23.3374876217044,23.7151453693204,0
11:34:44.AM,41684.396,23.8570319491126,23.7151680462415,23.3423912556624,23.5309739905043,0
11:34:44.AM,41684.429,23.8035496774662,23.4261435668902,23.3508031798844,23.5015008900156,0
11:34:44.AM,41684.462,23.7977601372325,23.5591329954318,23.354936997711,23.4644269415602,0
11:34:44.AM,41684.495,23.7954386862214,23.5407708775754,23.354096910049,23.2403894357053,0
11:34:44.AM,41684.528,23.7974729178534,23.3690587850183,23.3514486035884,23.1594209798576,0
11:34:44.AM,41684.561,23.7971123138728,23.2896128810578,23.2329512508185,22.9686115506021,0
11:34:44.AM,41684.594,23.8839289450712,23.2945578539509,23.2367963771376,22.9119570967083,0
11:34:44.AM,41684.627,23.9521102559263,23.2573233738353,23.2716301179597,22.9273130075292,0
11:34:44.AM,41684.66,24.1144090121317,23.2964091220231,23.3132979938414,22.9205938200937,0
11:34:44.AM,41684.693,24.6075585668564,23.3101394593954,23.3682844383309,22.8908854910809,0
11:34:44.AM,41684.726,24.9613430698497,23.3153347005952,23.467710928974,22.8241044876702,0
11:34:44.AM,41684.759,24.96245284562,23.3278420298998,23.5183862151714,22.7943112451259,0
11:34:44.AM,41684.792,24.7902105178134,23.3453519493097,23.5118732757081,22.8116025691354,0
11:34:44.AM,41684.825,24.728791770882,23.3562907000009,23.4173753772094,22.8232845644809,0
11:34:44.AM,41684.858,24.0608292260355,23.3596362237779,23.2528659845703,22.8394858400761,0
11:34:44.AM,41684.891,23.6605786815624,23.3502308398718,23.0662501040769,22.8431421426721,0
11:34:44.AM,41684.924,23.3472798661674,23.3057874900566,22.8753498081647,22.8565218133664,0
11:34:45.AM,41685,23.0266520187384,23.2472754754123,22.7683645986169,22.8626846433677,0
11:34:45.AM,41685.033,22.9270788341072,23.2462613444568,22.5959165796696,22.865698473333,0
11:34:45.AM,41685.066,22.8134196698274,23.2323823133351,22.4473816857903,22.866576510892,0
11:34:45.AM,41685.099,22.7951982844653,23.1563447011779,22.4106844003117,22.7875227063632,0
11:34:45.AM,41685.132,22.708210439917,23.0904157304764,22.3808407904309,22.7183093663226,0
11:34:45.AM,41685.165,22.6678724622765,23.1808034336953,22.2764225752775,22.7107038000004,0
11:34:45.AM,41685.198,22.6649634743578,23.1901184077146,22.239556946411,22.6672440398402,0
11:34:45.AM,41685.231,22.6101542707203,23.2297148719476,22.201464121039,22.6702268931913,0
11:34:45.AM,41685.264,22.6056073494648,23.3129028026822,22.2169924737828,22.686654806109,0
11:34:45.AM,41685.297,22.6240225667278,23.5924150830664,22.2279463400149,22.7469836697061,0
11:34:45.AM,41685.33,22.6390571225209,23.8592403128138,22.23109326993,22.7847334540088,0
11:34:45.AM,41685.363,22.6477836297266,23.9138494573491,22.234116746098,22.8252091633074,0
11:34:45.AM,41685.396,22.6520338459814,23.78314763186,22.2355788477598,22.8146828690632,0
11:34:45.AM,41685.429,22.6544487530479,23.4940986273384,22.2380535924308,22.6906015266649,0
11:34:45.AM,41685.462,22.6489813328186,23.0629303057528,22.2387286141843,22.4797127436148,0
11:34:45.AM,41685.495,22.6345897003403,22.7485415094752,22.2269108820814,22.2741759465016,0
11:34:45.AM,41685.528,22.6144414702821,22.4678859577542,22.2281861355804,22.1547702952629,0
11:34:45.AM,41685.561,22.5547207906228,22.085700682356,22.2473454079089,22.1768891759969,0
11:34:45.AM,41685.594,22.5559972100054,22.303384896693,22.2466271299276,22.0330794151937,0
11:34:45.AM,41685.627,22.5729422882303,22.2784609869799,22.2463921535159,22.0230057982933,0
11:34:45.AM,41685.66,22.5669148036969,22.0604413961346,22.2442122025452,21.9597872970294,0
11:34:45.AM,41685.693,22.534792808663,22.0830279290498,22.2342605533632,21.8219012274871,0
11:34:45.AM,41685.726,22.558332097346,22.1051692191346,22.2200531852135,21.7884498549277,0
11:34:45.AM,41685.759,22.7153759238279,22.1029224066282,22.1577758891229,21.7117014828579,0
11:34:45.AM,41685.792,23.0140723729695,22.0784835670699,22.1033433050591,21.6563604673342,0
11:34:45.AM,41685.825,23.3419415773551,22.0384079878985,22.0916346554849,21.6126294118353,0
11:34:45.AM,41685.858,23.4928850121435,21.9975547349489,22.1543510713885,21.5645492757364,0
11:34:45.AM,41685.891,23.4729318623083,21.9352229533784,22.1519234121691,21.5010914092615,0
11:34:45.AM,41685.924,23.3379430981658,21.9429960801005,22.1433302057033,21.4964146805191,0
11:34:45.AM,41685.957,23.2308306280893,21.9468804229715,22.0964623492314,21.4896437083913,0
11:34:46.AM,41686,22.7757446435505,21.9495183203861,21.957933160564,21.5138987039721,0
11:34:46.AM,41686.033,22.3663826914829,21.9560859369926,21.8121677711048,21.5145306345152,0
11:34:46.AM,41686.066,22.0513592571191,21.950986983113,21.6163659616197,21.5195272877892,0
11:34:46.AM,41686.099,21.7223372087581,21.9303182239453,21.403302674435,21.5219617829215,0
11:34:46.AM,41686.132,21.601135930144,21.8986084133639,21.3035802333043,21.5248823578675,0
11:34:46.AM,41686.165,21.5792886134999,21.8744266709615,21.3753311213314,21.527164296756,0
11:34:46.AM,41686.198,21.5616496009349,21.8787664530586,21.3386005897822,21.5106498322355,0
11:34:46.AM,41686.231,21.4469751562967,21.8819016455367,21.2451023453639,21.490714176536,0
11:34:46.AM,41686.264,21.4778024820447,21.8852352824351,21.1301819218712,21.4652163170166,0
11:34:46.AM,41686.297,21.4210280663421,21.8568185897197,21.0854906274587,21.4045209925355,0
11:34:46.AM,41686.33,21.3834642003461,21.8314212497768,21.05659291432,21.3478202067283,0
11:34:46.AM,41686.363,21.3659054388198,21.8601698670975,21.0059526568497,21.311844880339,0
11:34:46.AM,41686.396,21.3301058244844,22.0235830128595,20.9541045519966,21.3146429702718,0
11:34:46.AM,41686.429,21.3461647860188,22.4917165580788,20.9372372889393,21.4468906436335,0
11:34:46.AM,41686.462,21.3476667747666,22.6907347022399,20.9128941641503,21.5529893632505,0
11:34:46.AM,41686.495,21.3302681193138,22.5896308149585,20.8929774176264,21.5561887021405,0
11:34:46.AM,41686.528,21.3380960407247,22.4576269189663,20.8703603496951,21.5385619175874,0
11:34:46.AM,41686.561,21.3619276173071,22.1528806182957,20.8696280967036,21.419537243276,0
11:34:46.AM,41686.594,21.3643759163045,21.6699926154931,20.8624392445347,21.2170241467482,0
11:34:46.AM,41686.627,21.3029020805176,21.2528342198363,20.8681785326466,20.9742029455168,0
11:34:46.AM,41686.66,21.2230377822056,21.0592814372746,20.8598633672513,20.9494400237576,0
11:34:46.AM,41686.693,21.2277265356159,21.0445275592569,20.8615513952702,20.8994958525648,0
11:34:46.AM,41686.726,21.2319859220692,21.0330586912297,20.8543415400201,20.8548344293854,0
11:34:46.AM,41686.759,21.2349075282609,21.0347394033154,20.8428770184987,20.7577371308548,0
11:34:46.AM,41686.792,21.2373839083561,20.8564948959047,20.8451794379106,20.6468320580699,0
11:34:46.AM,41686.825,21.2799839130846,20.7964215710704,20.8489145420968,20.5114505930618,0
11:34:46.AM,41686.858,21.3128385047778,20.7131516238927,20.8498752176687,20.3392573357828,0
11:34:46.AM,41686.891,21.4113817057499,20.6590664646328,20.8003942903576,20.3004992173619,0
11:34:46.AM,41686.924,21.5172409129995,20.6722107455587,20.7658017975568,20.2875008078741,0
11:34:46.AM,41686.957,21.533164842122,20.622819658282,20.7074156649791,20.2557454890318,0
11:34:47.AM,41687,21.6108698804191,20.6047724996153,20.7183012759661,20.2732061119431,0
11:34:47.AM,41687.033,21.9649950890967,20.6315796895686,20.8100072890595,20.2891942430032,0
11:34:47.AM,41687.066,21.9991167250069,20.7162290172575,20.826814799529,20.3031619770805,0
11:34:47.AM,41687.099,21.8764532685303,20.7204158766604,20.7890571421666,20.3067131785322,0
11:34:47.AM,41687.132,21.5686466937854,20.7630700625076,20.6301593460471,20.2961977676023,0
11:34:47.AM,41687.165,21.1188900198778,20.7708901423575,20.48154117581,20.2998114510741,0
11:34:47.AM,41687.198,20.802590621023,20.7387844530961,20.3299596715016,20.3039962333777,0
11:34:47.AM,41687.231,20.4840353007106,20.6867387577249,20.2012302435875,20.3071792301569,0
11:34:47.AM,41687.264,20.2885918236007,20.649832749929,20.1147569513669,20.3094831581248,0
11:34:47.AM,41687.297,20.2782384910966,20.631582825838,20.0504841240656,20.2935751701435,0
11:34:47.AM,41687.33,20.2003093870062,20.6264016799307,20.0030143311859,20.2885431654642,0
11:34:47.AM,41687.363,20.0741570740198,20.5862518442045,19.7876150983992,20.2727948569413,0
11:34:47.AM,41687.396,20.1158638986647,20.5969031590211,19.7643286440848,20.2463156281114,0
11:34:47.AM,41687.429,20.1505865433503,20.6415815768196,19.7300810674822,20.2482299800346,0
11:34:47.AM,41687.462,20.1204277186161,20.6781557422353,19.722333088349,20.246183841419,0
11:34:47.AM,41687.495,20.0650485637545,20.7562323736472,19.6736393023199,20.1899028626521,0
11:34:47.AM,41687.528,19.976753753834,20.8413664030102,19.6514638772641,20.135039452127,0
11:34:47.AM,41687.561,19.9620276049398,21.1242821268256,19.6243595085835,20.1377294217674,0
11:34:47.AM,41687.594,19.9372250384905,21.2521016762783,19.5821620033066,20.1626424767564,0
11:34:47.AM,41687.627,19.9617998335848,21.1335825667185,19.5403457298581,20.1297750130694,0
11:34:47.AM,41687.66,20.019433525057,21.0909262329454,19.55790660827,20.1076254887593,0
11:34:47.AM,41687.693,20.0658022835677,20.6517458089172,19.5607214328913,19.9050834595368,0
11:34:47.AM,41687.726,20.0580554210022,20.2262088263977,19.5638468908755,19.713834416143,0
11:34:47.AM,41687.759,20.0070346393035,19.8575462565698,19.5659167423107,19.5533451868829,0
11:34:47.AM,41687.792,19.9548229272562,19.6107405788731,19.5800954424197,19.5286933480705,0
11:34:47.AM,41687.825,19.9591891479223,19.5639547966944,19.608980596151,19.5217759753455,0
11:34:47.AM,41687.858,19.9609060034962,19.6943549701938,19.6115938818717,19.5298991241788,0
11:34:47.AM,41687.891,19.9526274034242,19.440092181025,19.6135812085067,19.4784633429795,0
11:34:47.AM,41687.924,19.9000650894808,19.4087394960453,19.562306233553,19.3236370153166,0
11:34:47.AM,41687.957,19.8465822128315,19.376482798221,19.5105180430299,19.1184746972812,0
11:34:48.AM,41688,20.0181676330186,19.3151970815399,19.5049067909046,19.0664039245579,0
11:34:48.AM,41688.033,20.3415500768862,19.3285943230532,19.5145107101611,19.0534075062892,0
11:34:48.AM,41688.066,20.5464735742973,19.3136230079085,19.5082135591675,19.024973143851,0
11:34:48.AM,41688.099,20.7347232454013,19.2835933009938,19.4889333305353,18.9857718482058,0
11:34:48.AM,41688.132,20.8289308288053,19.2975366750046,19.6142852793353,18.9725198343009,0
11:34:48.AM,41688.165,20.703755564499,19.3248733302534,19.5883600075941,18.9553266993709,0
11:34:48.AM,41688.198,20.6935208956406,19.331994151047,19.4579613239126,18.9660534168113,0
11:34:48.AM,41688.231,20.1330265363409,19.3598946680508,19.2539804699486,18.9562510334404,0
11:34:48.AM,41688.264,19.6558008357235,19.3624477766747,19.0620249811258,18.9607862903291,0
11:34:48.AM,41688.297,19.2749210156246,19.3269562288917,18.9084132967201,18.9664757989154,0
11:34:48.AM,41688.33,19.0779098536505,19.2689146243978,18.7742053811134,18.962777454229,0
11:34:48.AM,41688.363,18.9036937517792,19.2184375496991,18.6104632383761,18.9414807150792,0
11:34:48.AM,41688.396,18.8977551380918,19.1912642551764,18.6069674388987,18.9121188969143,0
11:34:48.AM,41688.429,18.8282436395694,19.1805461880485,18.5090318107719,18.9162990989436,0
11:34:48.AM,41688.462,18.7823786663081,19.1905480507904,18.4514758223713,18.9047489686711,0
11:34:48.AM,41688.495,18.7648670795829,19.1433958281202,18.38815250105,18.8528730634962,0
11:34:48.AM,41688.528,18.75543161005,19.1328881784902,18.3648439724777,18.8067398902636,0
11:34:48.AM,41688.561,18.7206148456323,19.3905453224971,18.3087263506561,18.8447193605093,0
11:34:48.AM,41688.594,18.6834829249045,19.7428754808509,18.2609060460859,18.8805509646076,0
11:34:48.AM,41688.627,18.664981760412,19.983772865694,18.2403890901329,18.9394724567554,0
11:34:48.AM,41688.66,18.6505529245476,19.987329096381,18.1962384075053,18.925103034164,0
11:34:48.AM,41688.693,18.664315838636,19.8456117206999,18.2145876134953,18.9012815344896,0
11:34:48.AM,41688.726,18.6694619525451,19.7798505430347,18.2176137657861,18.8351771712677,0
11:34:48.AM,41688.759,18.6987372014665,19.3419979154557,18.226407383235,18.650066965809,0
11:34:48.AM,41688.792,18.7032262884695,18.9036352704661,18.3003337457968,18.4443143064916,0
11:34:48.AM,41688.825,18.6852440454067,18.5131865457135,18.319479915318,18.2943857914279,0
11:34:48.AM,41688.858,18.6690739151616,18.3212425712597,18.333041192397,18.2145601034574,0
11:34:48.AM,41688.891,18.6654350782297,18.1560986482359,18.3552363771442,18.2287617705538,0
11:34:48.AM,41688.924,18.6679524921094,18.1274701040853,18.3739848404241,18.2000192926354,0
11:34:48.AM,41688.957,18.6676189666256,18.0665400979005,18.3736122207793,18.0409635974881,0
11:34:49.AM,41689,18.6641664183738,18.0986159648027,18.3672951459521,17.9626208535742,0
11:34:49.AM,41689.033,18.6369641195856,18.1036397789131,18.3235650258681,17.8582266598052,0
11:34:49.AM,41689.066,18.8049994398838,18.1008430718423,18.2962676864015,17.8320365348485,0
11:34:49.AM,41689.099,18.8537991497061,18.0849789812717,18.2522651024423,17.8053650359122,0
11:34:49.AM,41689.132,19.1857444109575,18.0632701197009,18.2367276248416,17.7694284948886,0
11:34:49.AM,41689.165,19.4099987959778,18.0748479768638,18.2640531985659,17.76332395559,0
11:34:49.AM,41689.198,19.496109880944,18.0765386020256,18.30266188974,17.7450313126195,0
11:34:49.AM,41689.231,19.3117922934562,18.0842099311891,18.3014478676483,17.753925929257,0
11:34:49.AM,41689.264,19.1689273399855,18.0869459648244,18.1572140885405,17.7422264204432,0
11:34:49.AM,41689.297,18.6832162992147,18.0919994154029,17.9546198130552,17.7384917228374,0
11:34:49.AM,41689.33,18.3112676234863,18.0939705007596,17.7594345776287,17.7450425512868,0
11:34:49.AM,41689.363,17.9635603154457,18.06714876407,17.6096478386024,17.7476972833985,0
11:34:49.AM,41689.396,17.7455743816832,18.0057538589548,17.4795788332985,17.7455718424908,0
11:34:49.AM,41689.429,17.6457710562612,17.9776250973996,17.3823526740949,17.7479713646279,0
11:34:49.AM,41689.462,17.6025592956984,17.9853400095934,17.379513202619,17.7463856689295,0
11:34:49.AM,41689.495,17.485144133515,17.9771231302472,17.334019686729,17.7477444058831,0
11:34:49.AM,41689.528,17.4624424111478,17.9484085417434,17.2114190451267,17.7069511937886,0
11:34:49.AM,41689.561,17.4450278075806,17.9235705918098,17.115666681766,17.6654538677952,0
11:34:49.AM,41689.594,17.420352478811,17.9505157340416,17.0860030806341,17.6462709866701,0
11:34:49.AM,41689.627,17.4351508754225,18.0555072507311,17.0714974077549,17.6114006381283,0
11:34:49.AM,41689.66,17.4145624670635,18.3477758252034,17.0477317080204,17.6033341557773,0
11:34:49.AM,41689.693,17.386137315469,18.4549506153478,17.025446398908,17.6032136972527,0
11:34:49.AM,41689.726,17.3566353305478,18.6111542886215,16.9961406478745,17.6185287226165,0
11:34:49.AM,41689.759,17.3620776825878,18.5952989623849,17.0057258609328,17.6117909873101,0
11:34:49.AM,41689.792,17.3974311671104,18.4667815002087,17.0071449815251,17.5532480680965,0
11:34:49.AM,41689.825,17.4018379809314,18.1219638539507,17.0094145416615,17.4087987917491,0
11:34:49.AM,41689.858,17.4056314809538,17.6821437794894,17.0165498946731,17.1938376868284,0
11:34:49.AM,41689.891,17.3826691926627,17.3535055690366,17.0193767695097,17.0127684026308,0
11:34:49.AM,41689.924,17.3346561771267,17.1315961828455,17.0219510680564,16.9198042363536,0
11:34:49.AM,41689.957,17.3335283744669,16.9684350980585,17.0240703972061,16.8726782240849,0
11:34:50.AM,41690,17.3381309873252,17.0884516534514,17.0152112221661,16.7553982247275,0
11:34:50.AM,41690.033,17.3402936042622,17.0185659327634,17.0137653961754,16.6861824633234,0
11:34:50.AM,41690.066,17.3407255334336,16.8207194848335,17.0129121700993,16.5981007318625,0
11:34:50.AM,41690.099,17.286753934528,16.7943080772603,16.9717659121056,16.4916244443492,0
11:34:50.AM,41690.132,17.3428651002861,16.7275743361867,16.9333142568322,16.4606198087021,0
11:34:50.AM,41690.165,17.4936240490464,16.7152596066845,16.8932231354131,16.421623483119,0
11:34:50.AM,41690.198,17.7288339020142,16.720052228579,16.8776097590704,16.4033499976621,0
11:34:50.AM,41690.231,17.9424450966469,16.7113038444789,16.8572358563517,16.3979347926013,0
11:34:50.AM,41690.264,18.1083282822424,16.7268897500407,16.9450989928638,16.407096147568,0
11:34:50.AM,41690.297,17.99446922543,16.7184031895455,16.9801081755155,16.4018857560023,0
11:34:50.AM,41690.33,17.9010186483802,16.7280622953146,16.9022755692953,16.394382289467,0
11:34:50.AM,41690.363,17.5955623335328,16.7343411510542,16.7249670953715,16.3662039890128,0
11:34:50.AM,41690.396,17.1354310163699,16.738910303744,16.5491740918138,16.3666471935265,0
11:34:50.AM,41690.429,16.7343618288814,16.7026868251985,16.3758755868694,16.3725386780924,0
11:34:50.AM,41690.462,16.5130272238683,16.6653298688435,16.2436814148222,16.3772593715998,0
11:34:50.AM,41690.495,16.3146173982467,16.6490112917534,16.2195132015793,16.368011839289,0
11:34:50.AM,41690.528,16.2788803015959,16.6402819890456,16.1418415347818,16.3543112927335,0
11:34:50.AM,41690.561,16.0978539877657,16.5793610317691,16.1289932947725,16.3290009320116,0
11:34:50.AM,41690.594,16.0751174633206,16.5429737887223,16.007994469838,16.3358560793779,0
11:34:50.AM,41690.627,16.0300017508927,16.5580306106826,15.8889816811634,16.3118484887666,0
11:34:50.AM,41690.66,16.0869038590679,16.5517220138082,15.8469484527873,16.2809184194687,0
11:34:50.AM,41690.693,16.0757840384517,16.6562618966947,15.8240997369096,16.3121590236947,0
11:34:50.AM,41690.726,16.0643505143889,16.8189242316394,15.7924349333454,16.3108904190046,0
11:34:50.AM,41690.759,16.0525314290111,17.0768550569668,15.7745704437057,16.3111163791132,0
11:34:50.AM,41690.792,16.0341278218238,17.1273894740256,15.7551935497028,16.3160584000367,0
11:34:50.AM,41690.825,16.0704388261279,17.1563227540573,15.7306800704862,16.2763493481258,0
11:34:50.AM,41690.858,16.0903888652868,17.0508997008093,15.7357798993974,16.2684131837125,0
11:34:50.AM,41690.891,16.1083810261906,16.8917607726081,15.7364408734181,16.1540279473702,0
11:34:50.AM,41690.924,16.1185118390059,16.5644064158014,15.7393325289755,15.9588410677743,0
11:34:50.AM,41690.957,16.1188835963233,16.247676587711,15.7416121112126,15.7864449316206,0
11:34:51.AM,41691,16.0643622740856,15.9813304756275,15.7403320150946,15.6480663639792,0
11:34:51.AM,41691.033,16.0311020468115,15.7645995342822,15.741778650926,15.5775305829311,0
11:34:51.AM,41691.066,16.0355754881815,15.7051544428153,15.7428646062798,15.4805175952992,0
11:34:51.AM,41691.099,16.0051213474953,15.7233092348966,15.7361751578092,15.4815659533696,0
11:34:51.AM,41691.132,16.0104527663449,15.5303686321545,15.7366771795774,15.4174799469725,0
11:34:51.AM,41691.165,15.9776564084721,15.4727206297666,15.6932099033461,15.2959620260702,0
11:34:51.AM,41691.198,16.0129535115527,15.4545868944555,15.663266315123,15.2111888329575,0
11:34:51.AM,41691.231,16.1355140013529,15.4754046470567,15.631021208342,15.1800968035351,0
11:34:51.AM,41691.264,16.3101486207865,15.453035970512,15.6140267276551,15.1787107199324,0
11:34:51.AM,41691.297,16.443224600756,15.4551373705977,15.5816698191246,15.1473214100092,0
11:34:51.AM,41691.33,16.6306193824763,15.4703618271539,15.6124640835169,15.1598855207198,0
11:34:51.AM,41691.363,16.6559380496906,15.4840722443862,15.6357372962965,15.1694576569851,0
11:34:51.AM,41691.396,16.5436407076748,15.4907226713424,15.6259987484521,15.1662538207168,0
11:34:51.AM,41691.429,16.4834312504695,15.4984839260637,15.5565941755482,15.1412870450103,0
11:34:51.AM,41691.462,16.0854741669848,15.5027759173028,15.3912669270495,15.1306751717576,0
11:34:51.AM,41691.495,15.702185878469,15.5025137440811,15.2037070364174,15.1382901861722,0
11:34:51.AM,41691.528,15.4214804441476,15.4717628542779,15.0249713772403,15.1406950580561,0
11:34:51.AM,41691.561,15.1851599300336,15.4121973346384,14.8958624270486,15.1387566088458,0
11:34:51.AM,41691.594,15.0527229687379,15.3700692618557,14.79679540176,15.1337571368326,0
11:34:51.AM,41691.627,14.9756834248882,15.365725306852,14.763121479399,15.1354821258881,0
11:34:51.AM,41691.66,14.8702795981779,15.3401990662993,14.6625383987578,15.1040782947896,0
11:34:51.AM,41691.693,14.8833805843293,15.3270324893104,14.6004398087172,15.0749752554987,0
11:34:51.AM,41691.726,14.8188962795249,15.358909961331,14.5096829774798,15.0472710457495,0
11:34:51.AM,41691.759,14.857655580969,15.364829327552,14.5257667728401,15.0272476364023,0
11:34:51.AM,41691.792,14.8816321446105,15.3739752853866,14.534517693204,15.0040620306155,0
11:34:51.AM,41691.825,14.8694904748982,15.5010597858095,14.5043539085015,14.9945957030849,0
11:34:51.AM,41691.858,14.8144377154703,15.5794552760475,14.4919120754501,14.95472279741,0
11:34:51.AM,41691.891,14.8022278707021,15.8077956477062,14.4744878142001,14.9397934881132,0
11:34:51.AM,41691.924,14.7762125056307,15.8326331454584,14.4519963407266,14.9211391194351,0
11:34:51.AM,41691.957,14.8254289794546,15.7157875154065,14.4575765705958,14.9072495678927,0
11:34:52.AM,41692,14.8553183627878,15.4263544757271,14.4597137094668,14.7827577431477,0
11:34:52.AM,41692.033,14.8546768121798,15.0580184814955,14.4630509107932,14.5921840896451,0
11:34:52.AM,41692.066,14.8198946950923,14.7660760767128,14.4612070374612,14.3951038897841,0
11:34:52.AM,41692.099,14.7678364989482,14.5277356841533,14.4616807861591,14.2820019994296,0
11:34:52.AM,41692.132,14.7597383526076,14.3554556422894,14.4652752399306,14.2277096984253,0
11:34:52.AM,41692.165,14.7608262888031,14.3456916602454,14.4657619939972,14.1670265699501,0
11:34:52.AM,41692.198,14.773562781463,14.3725648685999,14.4603764672952,14.0634434776473,0
11:34:52.AM,41692.231,14.7976961738957,14.2684434350867,14.4575410874591,13.968762927476,0
11:34:52.AM,41692.264,14.7680862934165,14.2031136034234,14.411069583967,13.8888567886479,0
11:34:52.AM,41692.297,14.7857370610046,14.1947918083203,14.3683772667364,13.8513473257062,0
11:34:52.AM,41692.33,14.926149626678,14.1813091110233,14.3582624601886,13.8333722324152,0
11:34:52.AM,41692.363,15.0856067161542,14.1809569189763,14.3288558602252,13.8195928860801,0
11:34:52.AM,41692.396,15.1985106967493,14.1859629800944,14.3318425595239,13.820673013325,0
11:34:52.AM,41692.429,15.3920768983114,14.1526073644105,14.4039408847064,13.8130933493765,0
11:34:52.AM,41692.462,15.3015234643331,14.138150006081,14.4074805946046,13.7990737292297,0
11:34:52.AM,41692.495,15.1703678831971,14.1108903941147,14.3447439052822,13.7591287771944,0
11:34:52.AM,41692.528,14.9487330850356,14.126311050443,14.1689491528018,13.7389103612185,0
11:34:52.AM,41692.561,14.5755294829162,14.129290982251,13.986637089912,13.7275464259189,0
11:34:52.AM,41692.594,14.2204927149179,14.1154008147009,13.8069943550035,13.7233639216762,0
11:34:52.AM,41692.627,13.9224897714189,14.0738888764287,13.665675971717,13.7133278421987,0
11:34:52.AM,41692.66,13.7689777371048,14.0724936430582,13.5831866503239,13.7163982759197,0
11:34:52.AM,41692.693,13.6481261428707,14.0394603979012,13.5247584214993,13.7164249529476,0
11:34:52.AM,41692.726,13.5945561765375,14.0191016092823,13.4795878752548,13.7124456164348,0
11:34:52.AM,41692.759,13.5037672622998,13.9805556734342,13.3966199367661,13.6951712191345,0
11:34:52.AM,41692.792,13.4237313547968,13.957253898303,13.2429441050447,13.7032628538106,0
11:34:52.AM,41692.825,13.4441200006798,13.9541795222935,13.1641126804763,13.6924279071935,0
11:34:52.AM,41692.858,13.4333234091571,13.9444818909278,13.1765653736764,13.6795872279178,0
11:34:52.AM,41692.891,13.462739248087,13.9676490902998,13.1941563764105,13.6512820778714,0
11:34:52.AM,41692.924,13.4595417859714,13.9629362796607,13.1897907357607,13.6377747939827,0
11:34:52.AM,41692.957,13.448523996397,14.285744126982,13.1728699559462,13.6692433609902,0
11:34:53.AM,41693,13.4366336766781,14.4916862523791,13.1610806566497,13.6891469362197,0
11:34:53.AM,41693.033,13.4238145966403,14.3500738590676,13.1400037376388,13.652787858597,0
11:34:53.AM,41693.066,13.4351459689783,14.259159500456,13.1227613999483,13.5582481794023,0
11:34:53.AM,41693.099,13.443519292024,13.9523191840151,13.1025110741575,13.3819247305731,0
11:34:53.AM,41693.132,13.4518688171934,13.6387289165358,13.1062780543638,13.1960733584449,0
11:34:53.AM,41693.165,13.4312650755585,13.345525137831,13.1103389237585,13.0483753653943,0
11:34:53.AM,41693.198,13.4118912177323,13.1145486392551,13.1272498393251,13.0044604820532,0
11:34:53.AM,41693.231,13.3818438276061,13.0477627125313,13.1339064367027,12.827488602713,0
11:34:53.AM,41693.264,13.378963490657,13.0258809864404,13.1413137327417,12.8130456717502,0
11:34:53.AM,41693.297,13.3798128571973,12.9277939835921,13.1422649426432,12.7340788257474,0
11:34:53.AM,41693.33,13.4142016353385,12.868137148351,13.1180425580439,12.660675446319,0
11:34:53.AM,41693.363,13.454883031871,12.8633138993774,13.0934346341709,12.5671516875873,0
11:34:53.AM,41693.396,13.5112735338127,12.8472287803103,13.074974951451,12.5341521483164,0
11:34:53.AM,41693.429,13.5775408723796,12.8391676204317,13.0766132396576,12.5447473312322,0
11:34:53.AM,41693.462,13.6627240019144,12.8177857724384,13.04979024903,12.5299114691416,0
11:34:53.AM,41693.495,13.8791486041455,12.8133078328366,13.0612756850981,12.5180163327183,0
11:34:53.AM,41693.528,13.9117809224165,12.8080751656141,13.0646773921544,12.5078357420928,0
11:34:53.AM,41693.561,13.8408263299201,12.7925283187377,13.0415429455895,12.4976535442684,0
11:34:53.AM,41693.594,13.7116585198556,12.8011201655565,12.9175315831267,12.4878548306409,0
11:34:53.AM,41693.627,13.3739755267459,12.8079703510257,12.7439496528506,12.488729840748,0
11:34:53.AM,41693.66,13.030667229163,12.8132411761271,12.5758621499378,12.4906746412395,0
11:34:53.AM,41693.693,12.7968890057454,12.8031491446667,12.4319356154575,12.4942531157944,0
11:34:53.AM,41693.726,12.5582283778408,12.7778302386418,12.2880445621519,12.4978432331886,0
11:34:53.AM,41693.759,12.4466072150681,12.770852985798,12.171577904493,12.4996487227206,0
11:34:53.AM,41693.792,12.2893277809186,12.751151990674,12.0772520269465,12.4959915479813,0
11:34:53.AM,41693.825,12.2293103043255,12.7321846173451,11.9794230162083,12.4721483692834,0
11:34:53.AM,41693.858,12.1944433572451,12.7059519022937,11.9609974456013,12.4464872873686,0
11:34:53.AM,41693.891,12.2021779041026,12.6835859726868,11.9234266165165,12.4242863993264,0
11:34:53.AM,41693.924,12.2136460092516,12.6745588583863,11.9020064731187,12.4045531606658,0
11:34:53.AM,41693.957,12.1757750364006,12.7269730864602,11.8915383570355,12.3824310137347,0
11:34:54.AM,41694,12.2016974338389,12.7939533317026,11.8865342000589,12.3600960979178,0
11:34:54.AM,41694.033,12.1665822684116,12.8558345830464,11.8699178204791,12.3298931730964,0
11:34:54.AM,41694.066,12.1700922119784,13.0190292401105,11.8655624760859,12.3202699251783,0
11:34:54.AM,41694.099,12.1628836275432,13.1125488680623,11.8550152034347,12.3138463136472,0
11:34:54.AM,41694.132,12.1613548331714,12.9979662257839,11.8401209076616,12.2824763075011,0
11:34:54.AM,41694.165,12.1691200104821,12.7622198015924,11.8237599363523,12.1517609384647,0
11:34:54.AM,41694.198,12.1664752931242,12.4639084622496,11.8075463718367,11.9512041545347,0
11:34:54.AM,41694.231,12.1454615468318,12.1937555971281,11.811716338248,11.80908972152,0
11:34:54.AM,41694.264,12.0991641537404,11.9472723913249,11.7917459119999,11.6369351209973,0
11:34:54.AM,41694.297,12.0818599016438,11.6851951973326,11.8001216936083,11.5511535184442,0
11:34:54.AM,41694.33,12.0846714633475,11.6879812310043,11.800436527853,11.4333739182598,0
11:34:54.AM,41694.363,12.12300032682,11.6051589750888,11.7974735756785,11.3781720071932,0
11:34:54.AM,41694.396,12.108644852119,11.5450620130306,11.7751209834593,11.2987962754297,0
11:34:54.AM,41694.429,12.0814483142968,11.4887760978113,11.7727567256141,11.2442472794198,0
11:34:54.AM,41694.462,12.0477233237298,11.4519085187584,11.7399005098726,11.2061206247901,0
11:34:54.AM,41694.495,12.0719902361178,11.471668032038,11.7261532860982,11.1970881161049,0
11:34:54.AM,41694.528,12.268994480633,11.4632111448267,11.7522725341964,11.2031236477727,0
11:34:54.AM,41694.561,12.4577040185557,11.4710136985207,11.7631597194751,11.1706629156121,0
11:34:54.AM,41694.594,12.5869688980492,11.4577679378532,11.8029743116953,11.1208343867504,0
11:34:54.AM,41694.627,12.5750110512844,11.4542149830722,11.7871117043433,11.1178620818517,0
11:34:54.AM,41694.66,12.4581248594807,11.4478834638599,11.7364121267001,11.0656882413456,0
11:34:54.AM,41694.693,12.3208689905243,11.4367426103053,11.6275731868456,10.9872499201067,0
11:34:54.AM,41694.726,11.9251203920898,11.4417571774849,11.3794615937714,11.0102111683711,0
11:34:54.AM,41694.759,11.6165614970726,11.445967172683,11.2164247933005,11.1008448798021,0
11:34:54.AM,41694.792,11.3711536949241,11.4277922304705,11.0434893256125,11.1225872182707,0
11:34:54.AM,41694.825,11.1548419417817,11.407500427025,10.9560922193697,11.1503238347063,0
11:34:54.AM,41694.858,11.0240780017481,11.3955323467907,10.8794021270858,11.1733763027416,0
11:34:54.AM,41694.891,10.9580273628298,11.3847953478925,10.8096812138467,11.1684852292222,0
11:34:54.AM,41694.924,10.8862907021457,11.3657882900007,10.71199388312,11.1487718639939,0
11:34:54.AM,41694.957,10.8731104405015,11.3681184926041,10.6239367707539,11.13272945169,0
11:34:55.AM,41695,10.8677711711014,11.3634369541222,10.5873789299398,11.1326690685317,0
11:34:55.AM,41695.033,10.8727518530356,11.3888656191227,10.5890859773268,11.1413788826291,0
11:34:55.AM,41695.066,10.8623044361008,11.4156934920894,10.5890442772584,11.1171683350303,0
11:34:55.AM,41695.099,10.8452233808451,11.3894325224256,10.5747675992504,11.0383672785491,0
11:34:55.AM,41695.132,10.8472592588684,11.6461882949222,10.5670494945629,11.0567718218853,0
11:34:55.AM,41695.165,10.8375505596832,11.724749516531,10.5613978926679,11.0553686894785,0
11:34:55.AM,41695.198,10.8308753466077,11.6458511327172,10.5529013824865,11.0359630894633,0
11:34:55.AM,41695.231,10.8213699641043,11.4544442406914,10.5427951205131,10.912523735646,0
11:34:55.AM,41695.264,10.8090902274624,11.1713598677428,10.5275079506965,10.7489007952008,0
11:34:55.AM,41695.297,10.7937196341482,10.9289853162869,10.5131440595115,10.5419008785432,0
11:34:55.AM,41695.33,10.7669389947918,10.6377987554208,10.5051568673877,10.3988219102716,0
11:34:55.AM,41695.363,10.7509130454071,10.4796008402425,10.5111378252813,10.3053142247636,0
11:34:55.AM,41695.396,10.7406713944894,10.356184607583,10.5111488513268,10.2047270464827,0
11:34:55.AM,41695.429,10.7753558041038,10.3145143558297,10.4946885350613,10.1494330874807,0
11:34:55.AM,41695.462,10.7856710043286,10.2897637148397,10.4773245677345,10.0656726035173,0
11:34:55.AM,41695.495,10.7758905694931,10.2612811851474,10.454255889171,9.98285540792321,0
11:34:55.AM,41695.528,10.7890787145311,10.209794369078,10.4499951205048,9.95350017519403,0
11:34:55.AM,41695.561,10.7821968562983,10.2107146167999,10.4456101108481,9.91268140662243,0
11:34:55.AM,41695.594,10.8241302455703,10.2212462536109,10.4266957729564,9.90421398587266,0
11:34:55.AM,41695.627,10.9444104478422,10.1961582693009,10.4101203120173,9.87667234256519,0
11:34:55.AM,41695.66,11.1317851602049,10.1909885424178,10.39744232122,9.86170684407014,0
11:34:55.AM,41695.693,11.1595514587066,10.1804880474529,10.3984596526254,9.86745957888626,0
11:34:55.AM,41695.726,11.0613144713348,10.1765091154796,10.3654595800043,9.86752845050734,0
11:34:55.AM,41695.759,10.868095175263,10.1675454605084,10.2093617909936,9.85761296900464,0
11:34:55.AM,41695.792,10.5849005805192,10.1530450769891,10.0606751832504,9.84994398905765,0
11:34:55.AM,41695.825,10.3061843186159,10.1425204677095,9.89940543076661,9.83722530103529,0
11:34:55.AM,41695.858,10.0483209444168,10.1294824646929,9.74831136854752,9.85100861151314,0
11:34:55.AM,41695.891,9.89437631444292,10.1155578090549,9.62703154238936,9.85840894989732,0
11:34:55.AM,41695.924,9.74794056421087,10.1218411107894,9.50545314593861,9.8575157495402,0
11:34:55.AM,41695.957,9.60979743058542,10.1066844834701,9.42769459727543,9.85586102665488,0
11:34:56.AM,41696,9.56662006420843,10.1031054913998,9.3694776604871,9.85093277101741,0
11:34:56.AM,41696.033,9.56323534571125,10.1216962091418,9.3218660700593,9.85973662690878,0
11:34:56.AM,41696.066,9.53987767437907,10.1655696443777,9.27803504460307,9.85160178281713,0
11:34:56.AM,41696.099,9.53512430926712,10.1437889729115,9.28697044296658,9.81828165497926,0
11:34:56.AM,41696.132,9.5278075123015,10.0630242872712,9.27694065873664,9.74577896327715,0
11:34:56.AM,41696.165,9.49875376626292,10.1297299455606,9.25789987829145,9.71575650847139,0
11:34:56.AM,41696.198,9.4866649829359,10.2942066458539,9.24802966401052,9.75421542132943,0
11:34:56.AM,41696.231,9.48191417862569,10.3234454198696,9.23667764244307,9.76447719302352,0
11:34:56.AM,41696.264,9.47704224988822,10.2492164387359,9.23191498664918,9.74026159307119,0
11:34:56.AM,41696.297,9.47754905441463,10.0604069306652,9.22419353455382,9.5781864869823,0
11:34:56.AM,41696.33,9.4818738377417,9.80279261056615,9.21713064851415,9.36967786567104,0
11:34:56.AM,41696.363,9.47244160094931,9.55635004309815,9.20585397057453,9.2163882905518,0
11:34:56.AM,41696.396,9.4615564388822,9.31294410970097,9.20721310058826,9.07396425863861,0
11:34:56.AM,41696.429,9.47856366188031,9.18856604671991,9.21554937858458,8.94684517887831,0
11:34:56.AM,41696.462,9.4799039598906,9.05655129111775,9.20297401782363,8.8446059914793,0
11:34:56.AM,41696.495,9.49473545306669,9.01982029701901,9.18635961108957,8.74135452590533,0
11:34:56.AM,41696.528,9.49957600092873,8.99088968024645,9.18727756279158,8.70363077240883,0
11:34:56.AM,41696.561,9.49618693521924,8.94786038604949,9.16696942034967,8.65387350215787,0
11:34:56.AM,41696.594,9.50504753760787,8.90750730989239,9.15636625616033,8.61351006405605,0
11:34:56.AM,41696.627,9.48215398713018,8.86550731004082,9.12673833537962,8.58686205829785,0
11:34:56.AM,41696.66,9.51025848583632,8.84690010714014,9.10086815765926,8.56349383174525,0
11:34:56.AM,41696.693,9.5964702358886,8.8448321159764,9.11167174627177,8.53431532510283,0
11:34:56.AM,41696.726,9.6487930092167,8.85732443306458,9.13203467348246,8.53397704766016,0
11:34:56.AM,41696.759,9.73300136605732,8.84434496371169,9.12391959791913,8.50008998830123,0
11:34:56.AM,41696.792,9.70599729368055,8.84250275520149,9.10796031429068,8.50923573657679,0
11:34:56.AM,41696.825,9.64161283287809,8.84937367179883,9.07470668336754,8.51312960341525,0
11:34:56.AM,41696.858,9.40558117541675,8.84385032546815,8.92172368453556,8.50863205195348,0
11:34:56.AM,41696.891,9.1570943887797,8.83227991835361,8.74034722166049,8.50212661204925,0
11:34:56.AM,41696.924,8.91819784889957,8.82325769859394,8.57768590647716,8.51214118806197,0
11:34:56.AM,41696.957,8.70713860596263,8.80712237826032,8.43284473146627,8.53682943644025,0
11:34:57.AM,41697,8.54180254193727,8.77523462375041,8.32377724221169,8.53343903042502,0
11:34:57.AM,41697.033,8.43603087497555,8.76461910778894,8.22041094405249,8.52176062115984,0
11:34:57.AM,41697.066,8.36430670915651,8.75444823317475,8.12933897973259,8.51315635070582,0
11:34:57.AM,41697.099,8.26370055113685,8.74636299776138,8.08005402995467,8.50938297082445,0
11:34:57.AM,41697.132,8.24774774869236,8.76342690484534,8.00885889863239,8.50924698170834,0
11:34:57.AM,41697.165,8.23254894681699,8.78199452733374,7.96430029971671,8.48891151242945,0
11:34:57.AM,41697.198,8.1613540970899,8.81576750291994,7.93558326836173,8.46875507870136,0
11:34:57.AM,41697.231,8.15495455971777,8.81294495583319,7.93514731967239,8.4464457589458,0
11:34:57.AM,41697.264,8.13370262296817,8.87261931449506,7.9208605894005,8.43271179510077,0
11:34:57.AM,41697.297,8.12739928783575,8.8205961061279,7.90995528216274,8.38217990032108,0
11:34:57.AM,41697.33,8.13233394412534,8.85863725425319,7.90236677261393,8.35052497457908,0
11:34:57.AM,41697.363,8.12788983645259,8.86806125806124,7.89471648207657,8.33115502065379,0
11:34:57.AM,41697.396,8.11741514121415,8.83836407429896,7.88301791916329,8.27917424950004,0
11:34:57.AM,41697.429,8.09703307674181,8.53584595722855,7.86810680508289,8.12928422676628,0
11:34:57.AM,41697.462,8.09835057130034,8.28559223394005,7.84995178098896,7.9585941880747,1
11:34:57.AM,41697.495,8.09503418435607,8.0820392639268,7.85197472370198,7.78830148245295,1
11:34:57.AM,41697.528,8.09373234639667,7.91458673045918,7.86339134151142,7.64443250893465,1
11:34:57.AM,41697.561,8.11577764900623,7.77880889578381,7.86586892056084,7.533478593929,1
11:34:57.AM,41697.594,8.1154291303531,7.69887259467996,7.85570535366406,7.44730478788489,1
11:34:57.AM,41697.627,8.10410604594001,7.6795384561403,7.84558760576612,7.39514436319662,1
11:34:57.AM,41697.66,8.09271973232894,7.59414115401047,7.82323870280125,7.33567979847264,1
11:34:57.AM,41697.693,8.06973150476672,7.58956619509422,7.8002438170694,7.29956651641511,1
11:34:57.AM,41697.726,8.0542776891697,7.53829935680149,7.77363150139618,7.26461505388793,1
11:34:57.AM,41697.759,8.0437656271131,7.52667630393143,7.75415599196293,7.2433536584902,1
11:34:57.AM,41697.792,8.08867640194115,7.51276601937805,7.73388090394206,7.23891789096829,1
11:34:57.AM,41697.825,8.17529501740475,7.5274046141952,7.72234214911872,7.23580572308679,1
11:34:57.AM,41697.858,8.26594445522918,7.5315127131833,7.75603110067074,7.23351640027496,1
11:34:57.AM,41697.891,8.30278129381163,7.51008658781737,7.75067149422978,7.22660535124472,1
11:34:57.AM,41697.924,8.2196807546864,7.50263062386167,7.71206027404469,7.21990319806186,1
11:34:57.AM,41697.957,8.09412385799986,7.48747162092014,7.5791960791363,7.20725806326909,1
11:34:57.AM,41697.967,7.79929614870178,7.47925633518744,7.37715664189101,7.20429124581456,1
11:34:58.AM,41698,7.55220810163938,7.46954783686973,7.24612709646094,7.20683169909291,1
11:34:58.AM,41698.033,7.35014963360695,7.45325759640164,7.09838428081832,7.21377013217275,1
11:34:58.AM,41698.066,7.20350843086002,7.4451037261246,6.96403895391531,7.22053838745514,1
11:34:58.AM,41698.099,7.06289399225192,7.45550047311517,6.83746219393379,7.21918499006333,1
11:34:58.AM,41698.132,6.94949336778852,7.44766293320202,6.73523275045936,7.2244179931999,1
11:34:58.AM,41698.165,6.92814887762472,7.428385234494,6.69066771989248,7.2097610427332,1
11:34:58.AM,41698.198,6.91854579458039,7.45970058567445,6.6637128524143,7.19552330478204,1
11:34:58.AM,41698.231,6.86906330292939,7.52704965750238,6.63411430311857,7.21196282986483,1
11:34:58.AM,41698.264,6.84700140839069,7.56881723449626,6.61838060267862,7.20288974752237,1
11:34:58.AM,41698.297,6.84537019101264,7.54772748463499,6.60606498592949,7.1868720188743,1
11:34:58.AM,41698.33,6.81000650410632,7.6229915689442,6.5968165823961,7.17055620404838,1
11:34:58.AM,41698.363,6.79575264232327,7.67863130811971,6.59281732797453,7.16391399208922,1
11:34:58.AM,41698.396,6.79010617315638,7.62522087750537,6.57956660124862,7.14241640745086,1
11:34:58.AM,41698.429,6.77826822035458,7.4078125110457,6.56924893383994,7.01946752867413,1
11:34:58.AM,41698.462,6.76910917236988,7.29437521637652,6.56091817397486,6.94185525905365,1
11:34:58.AM,41698.495,6.76282284841862,7.0437791413678,6.55073629208114,6.74559094567504,1
11:34:58.AM,41698.528,6.75410784081507,6.84718346988405,6.5430185393945,6.59509765661366,1
11:34:58.AM,41698.561,6.77009859582737,6.67848589652221,6.56498301509451,6.44545464506569,1
11:34:58.AM,41698.594,6.80891088760809,6.52693273304993,6.55726395657674,6.2957524770208,1
11:34:58.AM,41698.627,6.80527505144397,6.40098447891597,6.55131258818149,6.17408015915705,1
11:34:58.AM,41698.66,6.79701943499648,6.35740079550501,6.53594522439863,6.1114757120411,1
11:34:58.AM,41698.693,6.78861407419682,6.30894621003756,6.52622536756502,6.07827720136768,1
11:34:58.AM,41698.726,6.78011433118763,6.26721717595137,6.52118172966199,6.05854140891608,1
11:34:58.AM,41698.759,6.77300682922369,6.28295045064408,6.51375917822101,6.04482288963106,1
11:34:58.AM,41698.792,6.75784467069555,6.21107577145688,6.49957422268236,6.00674617321321,1
11:34:58.AM,41698.825,6.73478114945108,6.1581905497376,6.47794380014872,5.96985548351348,1
11:34:58.AM,41698.858,6.73328812924984,6.1502128962955,6.45668678161837,5.95562574489305,1
11:34:58.AM,41698.891,6.82942730459234,6.16390505667659,6.49618659456779,5.94496082942333,1
11:34:58.AM,41698.924,6.90276030470521,6.14540218456326,6.51533454928069,5.93345729158253,1
11:34:58.AM,41698.957,6.88701700355937,6.14700430673414,6.4917463783225,5.92353485831426,1
11:34:59.AM,41699,6.82328932613468,6.13911057751796,6.44934050746001,5.9177130679759,1
11:34:59.AM,41699.033,6.73291948626434,6.1266635946997,6.31853834964873,5.90797388107619,1
11:34:59.AM,41699.066,6.53593328743584,6.1331770192175,6.15083320587174,5.8912187805407,1
11:34:59.AM,41699.099,6.26844381802852,6.1122598135212,5.98214826465855,5.8748141124046,1
11:34:59.AM,41699.132,6.08386073591298,6.09458811877689,5.82516624724516,5.8775869125847,1
11:34:59.AM,41699.165,5.91001103865022,6.08998163085642,5.69472631134291,5.88140912933044,1
11:34:59.AM,41699.198,5.78164652875313,6.0824740886209,5.59159867746279,5.87018536132663,1
11:34:59.AM,41699.231,5.6736948204012,6.08510273321613,5.49455080935608,5.8729556384282,1
11:34:59.AM,41699.264,5.60614720588047,6.10909202236821,5.42906326283598,5.86585116743812,1
11:34:59.AM,41699.297,5.55632450078232,6.17069492578772,5.38241161669887,5.87187205423986,1
11:34:59.AM,41699.33,5.50276043722276,6.17310277001519,5.33435365173855,5.86739140669963,1
11:34:59.AM,41699.363,5.49532031181423,6.18888761992453,5.29588743150681,5.84765895369856,1
11:34:59.AM,41699.396,5.4920946547159,6.15348697722079,5.28738512333916,5.83621316927824,1
11:34:59.AM,41699.429,5.48414783179604,6.11858646635684,5.27570281017732,5.81538835743143,1
11:34:59.AM,41699.462,5.47216064012433,6.18980242551509,5.26988920348589,5.80960818099783,1
11:34:59.AM,41699.495,5.47483244281875,6.1631929214317,5.26888788962636,5.78431772057024,1
11:34:59.AM,41699.528,5.46952186186978,6.14016704713522,5.25973436995483,5.75792121319386,1
11:34:59.AM,41699.561,5.45540419896926,6.02310732044438,5.25019659241431,5.65450477174685,1
11:34:59.AM,41699.594,5.43921295595694,5.88309063469821,5.23732680467619,5.51433868362309,1
11:34:59.AM,41699.627,5.4278681010782,5.62311705621195,5.22118534195105,5.36721373288448,1
11:34:59.AM,41699.66,5.42407839626388,5.44466869886621,5.22379975656048,5.20450970576508,1
11:34:59.AM,41699.693,5.44181258942697,5.26961874498254,5.23322759798141,5.05656576590494,1
11:34:59.AM,41699.726,5.46712472716731,5.10592140240258,5.25051156449705,4.90486504910898,1
11:34:59.AM,41699.759,5.47462795562854,5.00097188083037,5.25558898793734,4.7796519474368,1
11:34:59.AM,41699.792,5.46255914004306,4.94642683020294,5.24574557868246,4.69481837408292,1
11:34:59.AM,41699.825,5.44973124734106,4.87466963337566,5.23566580613741,4.6400451030999,1
11:34:59.AM,41699.858,5.44083054976575,4.83825607523313,5.22789276374507,4.62667814924013,1
11:34:59.AM,41699.891,5.42802041943132,4.81087377926275,5.21002277815694,4.60765377084068,1
11:34:59.AM,41699.924,5.45055258987199,4.8090669651859,5.21192985452908,4.5919846712297,1
11:34:59.AM,41699.957,5.53960106316075,4.81674438759417,5.21500509492933,4.6003585217696,1
11:35:00.AM,41700,5.57604323672502,4.8067603480785,5.21618706635425,4.593449447755,1
11:35:00.AM,41700.033,5.5524569924488,4.79172697903298,5.19517113976518,4.5878715106276,1
11:35:00.AM,41700.066,5.50019394926399,4.78781331178396,5.1287387111932,4.58377976141485,1
11:35:00.AM,41700.099,5.37227931485319,4.78656155262499,4.98895985239089,4.58328189853769,1
11:35:00.AM,41700.132,5.17228024125777,4.77994593790703,4.84737991936557,4.57288273530976,1
11:35:00.AM,41700.165,4.92895829395238,4.76402926585907,4.65593566991546,4.56152332987819,1
11:35:00.AM,41700.198,4.73085990192239,4.74832391208222,4.50852387127557,4.56966584568242,1
11:35:00.AM,41700.231,4.57780731800929,4.73713873661743,4.37137858922895,4.56952558747437,1
11:35:00.AM,41700.264,4.44379128746003,4.77010155783826,4.23840047566036,4.59098589443113,1
11:35:00.AM,41700.297,4.322575677286,4.77844367035752,4.12117357720162,4.58393829011954,1
11:35:00.AM,41700.33,4.28868248946949,4.79165463106079,4.1448461149158,4.57272642076893,1
11:35:00.AM,41700.363,4.24456595952164,4.79129727761371,4.09467129043423,4.56594545766097,1
11:35:00.AM,41700.396,4.20735286325819,4.8011649408243,4.05255158775604,4.56565269047773,1
11:35:00.AM,41700.429,4.18907438306646,4.79654657224605,4.02544719075466,4.57750272107963,1
11:35:00.AM,41700.462,4.16629180878013,4.82158316240204,4.00358450548208,4.56808640268077,1
11:35:00.AM,41700.495,4.16867526647003,4.83027713622377,4.00041176818258,4.56069298148108,1
11:35:00.AM,41700.528,4.16424304782367,4.85908915829613,3.99596339376251,4.55492648943545,1
11:35:00.AM,41700.561,4.15496402674315,4.83808131625926,3.98113295091198,4.52055796317769,1
11:35:00.AM,41700.594,4.16394420195156,4.77203142104599,3.98359427218396,4.45132303541699,1
11:35:00.AM,41700.627,4.1670429665586,4.60838585260036,3.98377847659807,4.33342112741739,1
11:35:00.AM,41700.66,4.17207203523748,4.44871245786066,3.9865910192848,4.19925617448038,1
11:35:00.AM,41700.693,4.16923766357021,4.24940629551021,3.97798907031575,4.03956879107072,1
11:35:00.AM,41700.726,4.16001968183843,4.0974262539874,3.96617224045731,3.93622481440161,1
11:35:00.AM,41700.759,4.15404132373929,3.99738838321596,3.96270141758564,3.77134623222423,1
11:35:00.AM,41700.792,4.15279468952491,3.9514932645434,3.96442902398472,3.7327431501076,1
11:35:00.AM,41700.825,4.1356160899402,3.91675805085369,3.95767615004741,3.6851046710131,1
11:35:00.AM,41700.858,4.13584378845587,3.80964997248383,3.95878446766328,3.65541798156144,1
11:35:00.AM,41700.891,4.13930214394809,3.77553801996365,3.95865155518906,3.62584032745629,1
11:35:00.AM,41700.924,4.13243919082497,3.72903921874227,3.95990846555247,3.5887707518464,1
11:35:00.AM,41700.957,4.1201752246701,3.71035001783318,3.95358238820449,3.56827521859073,1
11:35:01.AM,41701,4.12595542445986,3.65372507105023,3.95440058723421,3.50316380790628,1
11:35:01.AM,41701.033,4.1280952893314,3.64755906220775,3.95542776794269,3.5035815690617,1
11:35:01.AM,41701.066,4.12099816044533,3.57717426880198,3.94050517666949,3.45110456976144,1
11:35:01.AM,41701.099,4.12767246160059,3.5294669787792,3.92587833538539,3.40711807194666,1
11:35:01.AM,41701.132,4.12962995961223,3.49834860024396,3.9007611873047,3.38200553185127,1
11:35:01.AM,41701.165,4.05034089902451,3.50726837568976,3.74732727456862,3.39378668651352,1
11:35:01.AM,41701.198,3.46229975133858,3.4280534932547,3.34068332016027,3.32986267698278,1
11:35:01.AM,41701.231,3.32398281766744,3.32573302095325,3.217452223186,3.24662451738564,1
11:35:01.AM,41701.264,3.29630237210543,3.26269695869992,3.18880729922565,3.1767609077283,1
11:35:01.AM,41701.297,3.29387914270449,3.26920324098386,3.19699147920673,3.1896392244452,1
11:35:01.AM,41701.33,3.27234614364948,3.24390086615379,3.17209578616812,3.16346432286766,1
11:35:01.AM,41701.363,3.26342688980167,3.21736848905622,3.16602834807439,3.13641909764532,1
11:35:01.AM,41701.396,3.20672810080474,3.19644626942988,3.13067586366633,3.11915037683127,1
11:35:01.AM,41701.429,3.06794902577961,3.06458738476026,2.9821852065412,2.97862359346847,1
11:35:01.AM,41701.462,2.94556758535662,2.97398843154911,2.86892908965171,2.89575316987944,1
11:35:01.AM,41701.495,2.81921927113211,2.86283611032656,2.74858213650001,2.77505232149483,1
11:35:01.AM,41701.528,2.76906934705819,2.80942988705117,2.70726692658771,2.71720645625712,1
11:35:01.AM,41701.561,2.72469756002831,2.76465232727667,2.66681790424299,2.67901919907197,1
11:35:01.AM,41701.594,2.69055142052463,2.71273654772152,2.62161039408423,2.63054228968853,1
11:35:01.AM,41701.627,2.62091011292126,2.64225047680863,2.56735293215298,2.57863546724522,1
11:35:01.AM,41701.66,2.56482865822835,2.59252477447724,2.51138340113311,2.53573547118214,1
11:35:01.AM,41701.693,2.53959816858731,2.56348120447289,2.49389742541194,2.51534532929173,1
11:35:01.AM,41701.726,2.49894645644354,2.52249484485978,2.4594873444634,2.47258942110368,1
11:35:01.AM,41701.759,2.45262359106409,2.47542157148455,2.42490098571062,2.44079053713191,1
11:35:01.AM,41701.792,2.4159163479157,2.44134295912409,2.39499950036789,2.40417354971958,1
11:35:01.AM,41701.825,2.4095482981047,2.42338232879591,2.37949705291834,2.37508667173118,1
11:35:01.AM,41701.858,2.37552093592694,2.39792989575201,2.34262823829352,2.35367032270214,1
11:35:01.AM,41701.891,2.34904970577837,2.36867179996084,2.31789518574763,2.31651506541745,1
11:35:01.AM,41701.924,2.29764450200553,2.32442272025704,2.27179690644853,2.28900711932183,1
11:35:01.AM,41701.957,2.25860085990321,2.27966271542462,2.23182867494219,2.24305770031371,1
11:35:02.AM,41702,2.32301607190038,2.29803604264338,2.43919545713839,2.42651082774345,1
11:35:02.AM,41702.033,2.8443231395512,2.85343403141748,2.9532628898933,2.94972267891632,1
11:35:02.AM,41702.066,2.66284315691972,2.73571553532936,2.68718347692324,2.73842038823543,1
11:35:02.AM,41702.099,2.70893966932028,2.72723736886048,2.75777753383564,2.77590684636939,1
11:35:02.AM,41702.132,2.2847212307964,2.29833043045533,2.25590398967551,2.26130725670676,1
11:35:02.AM,41702.165,2.26928889534922,2.29018327240715,2.23881600985724,2.24863756768343,1
11:35:02.AM,41702.198,3.24651410649647,3.26592104047238,3.47197879532505,3.44466527791554,1
11:35:02.AM,41702.231,3.23139749073779,3.32104740053272,3.43841378707141,3.49400990436752,1
11:35:02.AM,41702.264,3.29933807740744,3.36686500182602,3.49304143124394,3.51611584958587,1
11:35:02.AM,41702.297,3.23522855666528,3.28001644435166,3.42502808409822,3.42656317184291,1
11:35:02.AM,41702.33,3.51195456978315,3.58869534771047,3.70844104280218,3.71426751590261,1
11:35:02.AM,41702.363,3.51207192700529,3.66922189113404,3.73018746212172,3.8560816745901,1
11:35:02.AM,41702.396,3.70862498980244,3.65802716039018,3.97070492293711,3.78508478591014,1
11:35:02.AM,41702.429,3.588359133506,3.65378497618354,3.82915803960082,3.81373992437445,1
11:35:02.AM,41702.462,3.43418921950747,3.58837854781542,3.66023573642714,3.7335869810405,1
11:35:02.AM,41702.495,3.664957074942,3.64367577366397,4.02116481710183,3.92948096883646,1
11:35:02.AM,41702.528,3.67237510825708,3.72251497981916,3.99607352577638,3.94981671448846,1
11:35:02.AM,41702.561,3.57879355150969,3.62938900051156,3.89579318572063,3.82362233392928,1
11:35:02.AM,41702.594,3.54146689667999,3.6019999739638,3.87428228271446,3.86049875888912,1
11:35:02.AM,41702.627,2.84040007669608,3.00867342737332,2.9808818890803,3.08855369234881,1
11:35:02.AM,41702.66,2.53567455036074,2.605333374573,2.57052088658468,2.62608425894879,1
11:35:02.AM,41702.693,2.5860769659912,2.67570876288511,2.59189906853744,2.65968747420661,1
11:35:02.AM,41702.726,2.65551650402282,2.74412537691421,2.65948042486069,2.7441906125309,1
11:35:02.AM,41702.759,2.73567274171968,2.83660421684913,2.72304335750556,2.83019217140095,1
11:35:02.AM,41702.792,2.78269142627097,2.87892945629639,2.77897980693962,2.87679615496268,1
