Time,Seconds_Mid,LeftHeel_Dist,RightHeel_Dist,LeftToe_Dist,RightToe_Dist
11:49:35.AM,42575.0,4.148492086738741,3.999645477914057,4.332778670829556,4.113928245054847
11:49:35.AM,42575.033,4.148139383203366,4.0437110056458145,4.340147122666363,4.131761763045661
11:49:35.AM,42575.066,4.133516126501667,4.122154870788001,4.337332901784005,4.134212445581427
11:49:35.AM,42575.099,4.133593418650577,4.153916418328216,4.358650768803961,4.235888713840408
11:49:35.AM,42575.132,4.1565456924442925,4.215146738561704,4.36528395895082,4.3170164375696904
11:49:35.AM,42575.165,4.171701970069956,4.275370334206649,4.405264918393149,4.480428959512517
11:49:35.AM,42575.198,4.165202419849555,4.340444839845408,4.399093288893443,4.546035800465456
11:49:35.AM,42575.231,4.1874648485100305,4.430074863167454,4.42338045829254,4.616181976549613
11:49:36.AM,42576.0,4.1844186272525015,4.530321721287449,4.417807630688841,4.734664810149728
11:49:36.AM,42576.033,4.187616185324884,4.606389733317278,4.374631400981789,4.7715620476956
11:49:36.AM,42576.066,4.189715070895523,4.730551533997436,4.375710249154923,4.863553161162461
11:49:36.AM,42576.099,4.185904332619461,4.74828490321637,4.368702447982907,4.891684051601921
11:49:36.AM,42576.132,4.173859482541743,4.777846244160673,4.357476095875982,4.931453081737691
11:49:36.AM,42576.165,4.175792639506928,4.794256880272176,4.338400503180052,4.918333941666173
11:49:36.AM,42576.198,4.260620590140749,4.762440276276786,4.346143566047214,4.896955033536645
11:49:36.AM,42576.231,4.376996262259973,4.74728702551386,4.360697686322809,4.854698156073125
11:49:36.AM,42576.264,4.456165568481616,4.764346469201044,4.43522591636727,4.8274139169043515
11:49:36.AM,42576.297,4.64752600335154,4.852874864115108,4.550032911634339,4.891591948756685
11:49:36.AM,42576.33,4.77829539006021,4.904200766072245,4.67006874797801,4.93645312132156
11:49:36.AM,42576.363,4.927494354516334,4.875847130385156,4.887841294507094,4.958211178150761
11:49:36.AM,42576.396,4.858642122021787,4.851898308496922,4.861236093317185,4.9427238194093555
11:49:36.AM,42576.429,4.837302283540849,4.825557397509665,4.996453466808681,4.966957509806085
11:49:36.AM,42576.462,5.009794521716032,4.815549710894365,5.119255638735534,5.014078782989753
11:49:36.AM,42576.495,5.060601804182023,4.819882951624091,5.257850979333312,5.0162268843590745
11:49:36.AM,42576.528,5.1700785894461845,4.850999313150435,5.378818270008014,5.044698756228433
11:49:36.AM,42576.561,5.271605974436556,4.8318130637577115,5.527260132773678,5.0787080518793655
11:49:36.AM,42576.594,5.399050191717052,4.845887470066695,5.71835791455355,5.06973895725223
11:49:36.AM,42576.627,5.458776606127961,4.885538005220212,5.709118005798494,5.077676660332216
11:49:36.AM,42576.66,5.464443454442598,4.898724138631835,5.742516298602271,5.069679444670002
11:49:36.AM,42576.693,5.5060546184163695,4.946335418675779,5.738351094402877,5.072763970620476
11:49:36.AM,42576.726,5.509073780762531,5.024118203552479,5.714534913557191,5.090198663146603
11:49:36.AM,42576.759,5.532543205883886,5.103657140559493,5.713704969666546,5.071410788604354
11:49:36.AM,42576.792,5.575133811379522,5.213828852027605,5.733282435065163,5.175269776009389
11:49:36.AM,42576.825,5.582118510090646,5.312887480571138,5.704031054384314,5.267590227558666
11:49:36.AM,42576.858,5.555814007736072,5.408985025592662,5.738398905269687,5.403659303379972
11:49:36.AM,42576.891,5.6007780345802125,5.533600542248406,5.764915807686909,5.498290624203699
11:49:36.AM,42576.924,5.575074760776136,5.626380932358712,5.8171808381240595,5.637996458025451
11:49:36.AM,42576.957,5.593825360624542,5.717648376710115,5.806837535819294,5.767405910803814
11:49:37.AM,42577.0,5.616699031624344,5.723573730357406,5.839511475147852,5.833220248250941
11:49:37.AM,42577.033,5.621813523058223,5.752888055301078,5.870529829115206,5.98188993306606
11:49:37.AM,42577.066,5.614312564760234,5.818922907152547,5.862936182823241,6.003911159516393
11:49:37.AM,42577.099,5.714342873916374,5.773017959283716,5.8806316316673275,5.929884959958034
11:49:37.AM,42577.132,6.029842565094991,5.814015197221116,6.035265955892538,5.773804560876023
11:49:37.AM,42577.165,5.98393721833136,5.747338862822018,6.053685149752234,5.731162728690833
11:49:37.AM,42577.198,6.055294242398879,5.804822381191444,6.092657779204078,5.738319676939565
11:49:37.AM,42577.231,5.913031334805026,5.898934262125189,5.999050099462017,5.9268465332129905
11:49:37.AM,42577.264,5.859968598001567,5.879763879888949,5.959972519437017,5.940559066693817
11:49:37.AM,42577.297,5.908086634457796,5.942714363733292,5.993825875671734,6.009185955670625
11:49:37.AM,42577.33,5.973015182277386,6.1650086124093315,5.963301697443573,6.131815869117058
11:49:37.AM,42577.363,6.147013589862152,6.158419569577843,6.04971301794331,6.107073471071677
11:49:37.AM,42577.396,6.308671018639301,6.2502369802192534,6.1560212300123265,6.172190943284966
11:49:37.AM,42577.429,6.348046808167098,6.310495771162605,6.220958270226917,6.304241700047431
11:49:37.AM,42577.462,6.407346021470822,6.370622089751512,6.3153056103468685,6.403227554963189
11:49:37.AM,42577.495,6.4969233793241195,6.388279286213411,6.407373513349111,6.428530363793112
11:49:37.AM,42577.528,6.490332200778752,6.359131897878705,6.515100953604001,6.494018188514954
11:49:37.AM,42577.561,6.533227242099484,6.353364722850047,6.600377657646994,6.548240135192007
11:49:37.AM,42577.594,6.508157018472588,6.350662706251595,6.659795895593695,6.531791653868887
11:49:37.AM,42577.627,6.556483224427109,6.364982454457789,6.712137638342865,6.560461568867352
11:49:37.AM,42577.66,6.705146506110236,6.3807770410409015,6.967886278422994,6.559449911876762
11:49:37.AM,42577.693,6.870320700243423,6.396125289693214,7.03091354784945,6.565511982879328
11:49:37.AM,42577.726,6.8773237609813735,6.409034470875047,7.080016277799376,6.5758475323920615
11:49:37.AM,42577.759,6.827495666195823,6.420072961721371,6.958213668108895,6.578254457501228
11:49:37.AM,42577.792,6.981665286496061,6.43533392537093,7.2474736552958,6.5945322817615155
11:49:37.AM,42577.825,6.991279325567301,6.485775921208582,7.101344031142232,6.605183486963889
11:49:37.AM,42577.858,7.018354405003444,6.600923389046996,7.05707184278993,6.596585041392656
11:49:37.AM,42577.891,7.053121589027872,6.6527689884204255,7.07901012509618,6.6098315464984605
11:49:37.AM,42577.924,7.086168937611487,6.77342701174335,7.1038198537516175,6.706637902440871
11:49:37.AM,42577.957,7.0866307333690335,6.896530054510498,7.23818265328542,6.873158504629759
11:49:38.AM,42578.0,7.155362668072571,7.013346554599916,7.2100293040220285,6.90596444308817
11:49:38.AM,42578.033,7.206351703113552,7.143417031639404,7.210913714370201,6.984891464057024
11:49:38.AM,42578.066,7.199500516412249,7.16537567151424,7.263191404225512,7.210565401896395
11:49:38.AM,42578.099,7.197742532841809,7.25736184041694,7.348849436500209,7.376117949337705
11:49:38.AM,42578.132,7.206571993390347,7.288454375708995,7.410045003777127,7.465291579977117
11:49:38.AM,42578.165,7.179571159589728,7.368676241936767,7.403976896970515,7.598110701344781
11:49:38.AM,42578.198,7.1424313120821425,7.438489550342527,7.40103219410974,7.655367717636794
11:49:38.AM,42578.231,7.14842001291185,7.500009100337864,7.423138021986227,7.696605184096851
11:49:38.AM,42578.264,7.165995406282158,7.566109256759499,7.373960343285124,7.824829798932403
11:49:38.AM,42578.297,7.162286403384685,7.5883040849968735,7.3857936642282835,7.816234939110541
11:49:38.AM,42578.33,7.181464361603463,7.600025592951707,7.323806821171671,7.827440312446208
11:49:38.AM,42578.363,7.199988036578021,7.626720549068289,7.348171193109425,7.865616510500087
11:49:38.AM,42578.396,7.271324142981055,7.665398923890675,7.352909628486219,7.886948712585345
11:49:38.AM,42578.429,7.2890060963275305,7.719319317994818,7.384302856701168,7.902086809054842
11:49:38.AM,42578.462,7.570783884952303,7.712214746250926,7.407557380180829,7.81228365466871
11:49:38.AM,42578.495,7.645419986560479,7.730793058886477,7.5717764466369575,7.856202332467313
11:49:38.AM,42578.528,7.916358422535192,7.756956710319911,7.676601187623933,7.872760893285787
11:49:38.AM,42578.561,7.974266376710886,7.770801738060464,7.847809852562517,7.898668301191589
11:49:38.AM,42578.594,7.991598048986698,7.8032273065544855,7.871749817679109,7.917578849189085
11:49:38.AM,42578.627,8.074025553779645,7.826069626428125,8.045975286826724,7.968875274644177
11:49:38.AM,42578.66,8.018128304139392,7.822046287644002,8.131762790732463,8.000995154657907
11:49:38.AM,42578.693,8.059142894316903,7.834048227874834,8.265658678822724,8.030911740180692
11:49:38.AM,42578.726,8.124970817304217,7.833839424130265,8.420264463750815,8.050577361667145
11:49:38.AM,42578.759,8.287696379662894,7.8477052775796485,8.516242164128606,8.070341994542659
11:49:38.AM,42578.792,8.347729997404794,7.858602030632686,8.625782710509196,8.080213337686608
11:49:38.AM,42578.825,8.403845441359383,7.889378107117472,8.70292691331749,8.096940548321744
11:49:38.AM,42578.858,8.449162422131408,7.928072985466591,8.723817036413227,8.091121479139609
11:49:38.AM,42578.891,8.528841404210837,7.9776952781122,8.8318005905621,8.095876158379799
11:49:38.AM,42578.924,8.628236295693398,8.074005730664961,8.778317926399033,8.104509902649806
11:49:38.AM,42578.957,8.647282684516455,8.185335678492805,8.755087860604814,8.17549165484441
11:49:39.AM,42579.0,8.710159861066728,8.355647432627507,8.78001855687653,8.30811465165959
11:49:39.AM,42579.033,8.766148644339914,8.468713296667513,8.784265545811248,8.37307159076926
11:49:39.AM,42579.066,8.706752563404734,8.549359437053678,8.790450719489936,8.608607336018025
11:49:39.AM,42579.099,8.684254080387358,8.656954070889277,8.800138430577643,8.728737510490308
11:49:39.AM,42579.132,8.68656264382836,8.803080859669699,8.816195465417124,8.776666639907823
11:49:39.AM,42579.165,8.706585642679734,8.831217507591028,8.863331210321942,8.872504186622486
11:49:39.AM,42579.198,8.652250372413437,8.79623222179448,8.895580176152745,8.91592138897784
11:49:39.AM,42579.231,8.610506723306326,8.827521825805658,8.877097259789696,9.063495071572554
11:49:39.AM,42579.264,8.634718433716241,8.918099146150265,8.918850392494708,9.175313716510683
11:49:39.AM,42579.297,8.63731880128212,8.99120050593045,8.842317980910973,9.24566144078782
11:49:39.AM,42579.33,8.6632165215898,9.096610169395717,8.872587808670055,9.33324840814036
11:49:39.AM,42579.363,8.69113607125593,9.145077438252581,8.877513634944261,9.411689422112442
11:49:39.AM,42579.396,8.704221771311822,9.131633459703433,8.876970149625436,9.418153135428593
11:49:39.AM,42579.429,8.734766469420766,9.157941416730601,8.894945268233904,9.390655360410179
11:49:39.AM,42579.462,8.774217477646452,9.14896450918809,8.866940521636135,9.397934889439195
11:49:39.AM,42579.495,8.887208780151951,9.157837507086509,8.89647005473082,9.386773184774523
11:49:39.AM,42579.528,9.063594271639179,9.197742386139428,9.081133527835856,9.419926881307099
11:49:39.AM,42579.561,9.096565849440776,9.18209663809025,9.187561357481467,9.39797749466436
11:49:39.AM,42579.594,9.187741105155965,9.201103915259026,9.263216257229463,9.398828420256386
11:49:39.AM,42579.627,9.268732675361122,9.213018572905774,9.293372274097926,9.407685016418913
11:49:39.AM,42579.66,9.418462437943461,9.254268116495052,9.3689818492057,9.424666079824089
11:49:39.AM,42579.693,9.512141602355769,9.315657864305646,9.440607666565814,9.460782244642328
11:49:39.AM,42579.726,9.575988992508641,9.366740091262383,9.529104916093456,9.486419560394708
11:49:39.AM,42579.759,9.545780052109375,9.380294840074434,9.585830974174929,9.511794824420164
11:49:39.AM,42579.792,9.554675227107907,9.395883488385703,9.689333409450125,9.538399451346017
11:49:39.AM,42579.825,9.619008278437562,9.375594375636119,9.732273351047013,9.510891534545102
11:49:39.AM,42579.858,9.691375617831287,9.372951221906838,9.863840625165754,9.537938000440356
11:49:39.AM,42579.891,9.826019839012456,9.378655417344717,9.950131093329354,9.542604266353933
11:49:39.AM,42579.924,9.822302933403247,9.396288399517154,10.036905869189034,9.551942351951098
11:49:39.AM,42579.957,9.87831644950446,9.430892617638982,10.035289851633664,9.514217031517578
11:49:40.AM,42580.0,9.96018618149326,9.483635935534373,10.105297760569186,9.53645277860678
11:49:40.AM,42580.033,9.991632692797623,9.521727516647935,10.213396456359423,9.555908517965516
11:49:40.AM,42580.066,10.044369398560363,9.554524268350153,10.227835884868625,9.61083148958819
11:49:40.AM,42580.099,10.107782452890742,9.714143657966389,10.357841036795662,9.741797279803297
11:49:40.AM,42580.132,10.091256838578488,9.882148065590187,10.342694499514405,9.908581657422815
11:49:40.AM,42580.165,10.065885401105412,10.029079629905713,10.299176556440763,10.022629933159404
11:49:40.AM,42580.198,10.068376540230123,10.057180668650865,10.305770511543372,10.122846671857957
11:49:40.AM,42580.231,10.073138879151003,10.139228607035292,10.322244444953206,10.20756419891141
11:49:40.AM,42580.264,10.105270100804034,10.21632668966959,10.32553674095875,10.27577561869645
11:49:40.AM,42580.297,10.1149562882918,10.290098312433894,10.35808371433549,10.459808692661348
11:49:40.AM,42580.33,10.125078961553555,10.346603680869183,10.366008983242448,10.533934968543303
11:49:40.AM,42580.363,10.12184058675312,10.382375749352406,10.36897014038701,10.561811302228943
11:49:40.AM,42580.396,10.129117056047235,10.360573175792208,10.383459522304886,10.535091724485401
11:49:40.AM,42580.429,10.266665490413502,10.32252372692814,10.432204483160465,10.519606614600438
11:49:40.AM,42580.462,10.371029679398333,10.311321551780168,10.55395231119725,10.479935870788275
11:49:40.AM,42580.495,10.431267876915019,10.33164938013691,10.559513468799953,10.485988952520586
11:49:40.AM,42580.528,10.424496799045073,10.496732641172073,10.496666929370907,10.561936341161491
11:49:40.AM,42580.561,10.45705992026446,10.464898596345641,10.54585926410617,10.433723221658902
11:49:40.AM,42580.594,10.456248437064652,10.529442461808074,10.361976491546471,10.46357342408604
11:49:40.AM,42580.627,10.505764185546013,10.518985320218878,10.448151630336849,10.494567277734422
11:49:40.AM,42580.66,10.631553954425595,10.551661325654354,10.63690373766487,10.654118274298483
11:49:40.AM,42580.693,10.8860761608858,10.653447931820452,10.709750691436714,10.707974436482989
11:49:40.AM,42580.726,10.995155036315232,10.749388908349456,10.796589858303946,10.823025919875871
11:49:40.AM,42580.759,11.243043636500932,10.828061062704233,10.90862863526743,10.903049382462513
11:49:40.AM,42580.792,11.240317459258062,10.832989559951226,10.953702054084957,10.938979218446963
11:49:40.AM,42580.825,11.120806121730627,10.824402050607716,11.028453469329694,10.968589191712468
11:49:40.AM,42580.858,11.090955520917934,10.824218388444244,11.063798785310741,10.985971587210233
11:49:40.AM,42580.891,10.999571001376314,10.83073815711132,11.155856078801992,11.05484765751931
11:49:40.AM,42580.924,11.000125593785267,10.846738244833436,11.13899713515169,11.07236803750509
11:49:41.AM,42581.0,11.164794774386003,10.853916500752177,11.497380596177567,11.095035719470122
11:49:41.AM,42581.033,11.238532207268406,10.881162490446737,11.500983093155313,11.121510423317172
11:49:41.AM,42581.066,11.228907926579382,10.896986851745606,11.46675855238281,11.096217861416683
11:49:41.AM,42581.099,11.24257037431007,10.907527732412188,11.552579307202702,11.085379147298958
11:49:41.AM,42581.132,11.252742684164044,10.924225692360569,11.533168548957288,11.058898804076932
11:49:41.AM,42581.165,11.36532181121343,10.950691087126117,11.552143508676096,11.072539584105733
11:49:41.AM,42581.198,11.436591634513007,11.06303637531164,11.58574444061852,11.074775138467292
11:49:41.AM,42581.231,11.402661384360925,11.164465929194826,11.553450694584665,11.199544211876084
11:49:41.AM,42581.264,11.398983165117212,11.381325244125193,11.537750081682699,11.30268861599853
11:49:41.AM,42581.297,11.471502393508604,11.693406280159667,11.650993334444927,11.574685660363102
11:49:41.AM,42581.33,11.494283471233903,11.75073434774178,11.645814150703266,11.748171641897237
11:49:41.AM,42581.363,11.566828441134753,11.890467382819317,11.757943753067355,11.858397051532918
11:49:41.AM,42581.396,11.641311914280337,11.939919183645053,11.820969723477358,11.931721508781916
11:49:41.AM,42581.429,11.628208649247792,11.873552051423744,11.82135483285115,12.018092251198418
11:49:41.AM,42581.462,11.657933116661752,11.907304841515383,11.910546105308967,12.230774224642687
11:49:41.AM,42581.495,11.666433761222617,11.90819763602877,11.92211114461346,12.270852787090877
11:49:41.AM,42581.528,11.680823210451411,12.023239676670165,11.93233882403619,12.35274278532356
11:49:41.AM,42581.561,11.656295390571142,12.095911334472337,11.947413354755248,12.397922014734451
11:49:41.AM,42581.594,11.623418790645882,12.106577672294097,11.964915718088584,12.44871651858983
11:49:41.AM,42581.627,11.635244243818025,12.163297176445493,11.957246026617646,12.408771297082886
11:49:41.AM,42581.66,11.652470003607142,12.15718546232755,11.91216237014481,12.388986228135913
11:49:41.AM,42581.693,11.743513588267948,12.190184767400915,11.869611636092827,12.373386049277212
11:49:41.AM,42581.726,11.790715514057737,12.195442688038515,11.841072166407095,12.355989885173695
11:49:41.AM,42581.759,11.911003516281156,12.239507621716495,11.849598861742578,12.364044228035706
11:49:41.AM,42581.792,12.043496826415126,12.30059584986532,11.958408194639809,12.450734191345425
11:49:41.AM,42581.825,12.035262837387425,12.30930185924715,12.063819282562942,12.5005609162239
11:49:41.AM,42581.858,12.390083952196896,12.311224932995405,12.199200883810516,12.503652978497353
11:49:41.AM,42581.891,12.430226996798105,12.327990553321445,12.315477123509979,12.510062552913983
11:49:41.AM,42581.924,12.558544470731128,12.344180023086135,12.42770771937111,12.514557485229346
11:49:41.AM,42581.957,12.51564802356237,12.370415190714741,12.45988292748995,12.53355876163085
11:49:41.AM,42581.967,12.528183186475381,12.387312209037589,12.51202534050461,12.535344335659943
11:49:42.AM,42582.0,12.598732393987774,12.391525340817083,12.710009962694393,12.578110625038562
11:49:42.AM,42582.033,12.596376462599405,12.359775441705072,12.831110704502798,12.619150171039813
11:49:42.AM,42582.066,12.616506848517506,12.371313409227685,12.87186115474698,12.640673129641819
11:49:42.AM,42582.099,12.713935727847744,12.379098581648925,13.108395521350815,12.655909263318733
11:49:42.AM,42582.132,12.812150660001777,12.352416497443102,13.211686547146506,12.648932060812157
11:49:42.AM,42582.165,12.933174067908716,12.367704175493405,13.286048147911266,12.652141958326233
11:49:42.AM,42582.198,12.970485858389903,12.392499917089637,13.32788879182748,12.650012414720678
11:49:42.AM,42582.231,13.004276171584127,12.416592353799246,13.419696629189051,12.669318961066246
11:49:42.AM,42582.264,13.053392663764576,12.500056915019922,13.487572410757895,12.746878698922487
11:49:42.AM,42582.297,13.103406461090493,12.53659593465315,13.494325755337801,12.748225780038851
11:49:42.AM,42582.33,13.088961817821186,12.637741669768584,13.42900489108182,12.74512901800334
11:49:42.AM,42582.363,13.057878932842293,12.801941275394352,13.42490265223379,13.010943063161672
11:49:42.AM,42582.396,13.082653501624968,13.017014215362693,13.41141697944197,13.0990760770242
11:49:42.AM,42582.429,13.123827171614675,13.151348451070273,13.416440852026643,13.226412350218197
11:49:42.AM,42582.462,13.180062278107343,13.31265526186765,13.424464895826556,13.312270627307171
11:49:42.AM,42582.495,13.221229989842104,13.44303429412819,13.443591240803642,13.386121288376867
11:49:42.AM,42582.528,13.231103115548787,13.458421347528933,13.462122702745383,13.455034722879159
11:49:42.AM,42582.561,13.245309232710625,13.51847953220199,13.485094176580358,13.669280240393899
11:49:42.AM,42582.594,13.226467398911971,13.463012991413606,13.510385323932734,13.661210217692076
11:49:42.AM,42582.627,13.24187329689417,13.494663487044697,13.534828505957776,13.71749817254652
11:49:42.AM,42582.66,13.230614505253811,13.51230130676769,13.561144917447553,13.800912535383137
11:49:42.AM,42582.693,13.213879781263348,13.628137480100882,13.54798970911671,13.923560690897446
11:49:42.AM,42582.726,13.207953894279122,13.629544355780812,13.520962255271833,13.910348771082969
11:49:42.AM,42582.759,13.297743566889842,13.49717629948234,13.631686547618148,13.747747535723107
11:49:42.AM,42582.792,13.357662746642681,13.468762726018213,13.627779115845858,13.703627040045866
11:49:42.AM,42582.825,13.411405980288432,13.471053987477834,13.61651879723712,13.62426871344794
11:49:42.AM,42582.858,13.410746683214281,13.546854774685599,13.425442890263266,13.625756322079624
11:49:42.AM,42582.891,13.42506582234179,13.636214296404226,13.608738678748072,13.67746137019142
11:49:42.AM,42582.924,13.43452546677894,13.730908500751127,13.608365902328721,13.855066639444832
11:49:42.AM,42582.957,13.618300505980546,13.751405258755266,13.620133085111913,13.838568854105851
11:49:43.AM,42583.0,13.979627469831978,13.757746068146112,13.909805165882336,13.850518730993766
11:49:43.AM,42583.033,14.24739262029778,13.76336489228543,14.016143073274623,13.912868834798847
11:49:43.AM,42583.066,14.545861243460628,13.892554633226709,14.03646161897068,13.928532967884664
11:49:43.AM,42583.099,14.356403895548059,13.888385741575139,14.054561549112034,13.950448132279856
11:49:43.AM,42583.132,14.250305563466657,13.912113353475728,14.063032192205714,13.988388585722834
11:49:43.AM,42583.165,14.265688655293275,13.955176102611912,14.106012391349605,14.056436255940778
11:49:43.AM,42583.198,14.193055993283131,13.982039399361671,14.13488468150512,14.100555760813393
11:49:43.AM,42583.231,14.211603297024858,14.005545402107995,14.224857157852345,14.16316178055568
11:49:43.AM,42583.264,14.232512094713105,14.015323819844514,14.255132915343417,14.18666207985018
11:49:43.AM,42583.297,14.344432665411048,14.004122427605147,14.374557405268035,14.172652048362984
11:49:43.AM,42583.33,14.38736189841718,14.025950484981063,14.419068544513483,14.163212552530531
11:49:43.AM,42583.363,14.477340308693886,14.055487660514796,14.553939917407785,14.192300972081433
11:49:43.AM,42583.396,14.579881311341865,14.054127029720672,14.787779558266685,14.185441653276797
11:49:43.AM,42583.429,14.609119552153114,14.072596605031396,14.71647742750109,14.193584660142236
11:49:43.AM,42583.462,14.641245246787207,14.216197669942655,14.766472561306962,14.220423805613443
11:49:43.AM,42583.495,14.725358623476222,14.23166516726544,14.912817183035187,14.22113253750543
11:49:43.AM,42583.528,14.710329259943187,14.496821084619047,14.947507644363569,14.365751725502534
11:49:43.AM,42583.561,14.688366136826833,14.679201384198727,14.936205089176308,14.584006411595805
11:49:43.AM,42583.594,14.70725084907243,14.781537491182323,14.887227514537418,14.715917430047014
11:49:43.AM,42583.627,14.74031547356823,14.858806337429499,15.007855435802469,14.975494519666903
11:49:43.AM,42583.66,14.755211208048145,14.79288424144698,15.040807815464518,15.10281148659167
11:49:43.AM,42583.693,14.783923440343294,14.886745953790552,15.086017374684616,15.181186290582808
11:49:43.AM,42583.726,14.80891751179998,14.96703373582632,15.112768388643346,15.294597383738726
11:49:43.AM,42583.759,14.83653643068164,14.964555111745458,15.12875642128228,15.262790602478393
11:49:43.AM,42583.792,14.83083302779967,15.024530201436786,15.14980965446685,15.339240935032155
11:49:43.AM,42583.825,14.856250194627929,15.118034219196677,15.192665866255602,15.498751463427297
11:49:43.AM,42583.858,14.857590573387451,15.135808066513349,15.230317520354063,15.587141749947225
11:49:43.AM,42583.891,14.877003837235474,15.180014068524397,15.225057731585729,15.63636138924014
11:49:43.AM,42583.924,14.934645203032375,15.27835696936986,15.223022571352448,15.623331436646925
11:49:43.AM,42583.957,14.97114450578679,15.303291197509768,15.146219270573066,15.579359933861276
11:49:44.AM,42584.0,15.018252901231833,15.34714228183546,15.020501966607775,15.569620849135358
11:49:44.AM,42584.033,15.006565125249995,15.364844782942225,14.95070308713359,15.555616963179471
11:49:44.AM,42584.066,15.130611499326069,15.339967662857898,14.958256652453489,15.56456924985407
11:49:44.AM,42584.099,15.319808126093228,15.322445698282625,14.998535042237794,15.518938297711752
11:49:44.AM,42584.132,15.493615052126351,15.310513098939087,15.154634918338726,15.521241468264382
11:49:44.AM,42584.165,15.662000841076004,15.312610788596594,15.351909147929831,15.549377886576032
11:49:44.AM,42584.198,15.768118583097923,15.353361654851586,15.450607347601533,15.562224891930086
11:49:44.AM,42584.231,15.980861889423181,15.398957217768398,15.538595654675891,15.577950228510467
11:49:44.AM,42584.264,15.848937444760594,15.43932453902703,15.621118934924365,15.611391439187766
11:49:44.AM,42584.297,15.842097724995497,15.472374619262915,15.693103743072601,15.647527611743175
11:49:44.AM,42584.33,15.843120262582186,15.464302386416854,15.899857867230292,15.706672067213354
11:49:44.AM,42584.363,15.859935115636496,15.43359135936096,16.04153580665555,15.720400707013958
11:49:44.AM,42584.396,15.877897649835354,15.447486773239792,16.229632371285124,15.755691473459684
11:49:44.AM,42584.429,15.967318670190295,15.404319932184375,16.304149109731476,15.763695643419581
11:49:44.AM,42584.462,16.00616722975434,15.448686531820357,16.28416380220678,15.812652148074516
11:49:44.AM,42584.495,16.077065068435033,15.496158279887759,16.348978876296414,15.82699270021575
11:49:44.AM,42584.528,16.05400120164246,15.54966862549167,16.34536037198208,15.778879623085821
11:49:44.AM,42584.561,16.024910218768287,15.588873118036062,16.31515231571031,15.698884856752247
11:49:44.AM,42584.594,16.1511779078895,15.742814167075952,16.46898202330409,15.707231943169152
11:49:44.AM,42584.627,16.187770826851168,15.851476375162221,16.452014342269518,15.719815255173838
11:49:44.AM,42584.66,16.177063239546975,15.890156957274499,16.523048402997023,16.008261046753105
11:49:44.AM,42584.693,16.22746390651127,16.10760608380664,16.593104343345367,16.216247603901927
11:49:44.AM,42584.726,16.144543236855135,16.200866596321152,16.563194892335243,16.459805843081472
11:49:44.AM,42584.759,16.351619412814266,16.555895848353853,16.53556879798564,16.42378956349617
11:49:44.AM,42584.792,16.31397054370363,16.58994740998116,16.596134048815124,16.597069208016645
11:49:44.AM,42584.825,16.39075709421558,16.632507999188732,16.641981045967196,16.53658279951618
11:49:44.AM,42584.858,16.494388613914314,16.639052552691194,16.71050226138503,16.703051279747676
11:49:44.AM,42584.891,16.51642883108408,16.604001924867077,16.769159597719437,16.803378402550575
11:49:44.AM,42584.924,16.51531045448287,16.6122700610536,16.796889938201563,16.848795194564623
11:49:45.AM,42585.0,16.52475778034843,16.62492101718257,16.858196808894853,16.958015601343803
11:49:45.AM,42585.033,16.54498144854328,16.65480592732688,16.84495719731177,16.93169403394639
11:49:45.AM,42585.066,16.51848622326541,16.548138159116323,16.76296959263445,16.851973956794527
11:49:45.AM,42585.099,16.53061310659144,16.548069303602418,16.752098887513323,16.839323292969606
11:49:45.AM,42585.132,16.595466695190577,16.543238592715525,16.96233146620255,16.83033782009759
11:49:45.AM,42585.165,16.705896240395962,16.507903227680867,17.000415492358634,16.66139045132323
11:49:45.AM,42585.198,16.918259984421304,16.521719963748716,17.095488015249902,16.574522906915977
11:49:45.AM,42585.231,16.850054249977067,16.829646589656708,16.707190761817493,16.868744304284856
11:49:45.AM,42585.264,16.84606994995241,17.23386806774286,16.623130756580263,16.969236680949894
11:49:45.AM,42585.297,17.20790047416913,17.05655140290292,16.690354836789773,16.93368887449287
11:49:45.AM,42585.33,17.38371724292254,17.004113681576992,17.09146063569877,17.031174275025275
11:49:45.AM,42585.363,17.628830714303344,17.160738272131955,17.151624126426388,17.09397179160283
11:49:45.AM,42585.396,17.75981116405934,17.28392108560081,17.18015273544004,17.182704374652108
11:49:45.AM,42585.429,17.92669326792865,17.331842981175093,17.249419896388034,17.165792461025102
11:49:45.AM,42585.462,17.721906843633246,17.304784600820753,17.272691730954897,17.215548924340364
11:49:45.AM,42585.495,17.681654955024364,17.309774537182896,17.328816941256562,17.252224398885428
11:49:45.AM,42585.528,17.581299706190034,17.239612961162788,17.476887946560016,17.34299385443437
11:49:45.AM,42585.561,17.40158810624239,17.205284961502247,17.576026369619395,17.42554271652545
11:49:45.AM,42585.594,17.426095742245433,17.153056319153954,17.843130118702685,17.488061338366578
11:49:45.AM,42585.627,17.56631301212856,17.153758705705446,18.13969975562857,17.51241531263555
11:49:45.AM,42585.66,17.766647625328503,17.196367980579147,18.221243119289962,17.539472059523064
11:49:45.AM,42585.693,17.75167736614733,17.18242143716572,18.279149173532694,17.532447618801235
11:49:45.AM,42585.726,17.758284705996328,17.198371842506404,18.20347429235122,17.530604397838793
11:49:45.AM,42585.759,17.770542784299458,17.2599599757119,18.135414617382615,17.504340473910567
11:49:45.AM,42585.792,17.969664098483495,17.400171392242978,18.116801454361628,17.324251837830058
11:49:45.AM,42585.825,17.970071723842015,17.43632112676806,18.09333645455719,17.330368693776343
11:49:45.AM,42585.858,17.936549697359137,17.54399873227716,18.08843209292716,17.545770929908556
11:49:45.AM,42585.891,17.92278960365931,17.785860250645538,18.088990371530322,17.92536616290738
11:49:45.AM,42585.924,17.989393923583954,18.027517813704762,18.084905485221146,17.97082039491229
11:49:45.AM,42585.957,17.983605113857582,18.075283895875266,18.132463291983502,18.387652777367084
11:49:46.AM,42586.0,17.972628715047325,18.110774084965204,18.130719044357647,18.338465140093465
11:49:46.AM,42586.033,18.02846968710529,18.23239833278204,18.172114151758173,18.227261158780063
11:49:46.AM,42586.066,18.06195529856051,18.199126255135447,18.21343312087572,18.327925276438414
11:49:46.AM,42586.099,18.03659882312779,18.186726944794508,18.219462792833284,18.353416008968374
11:49:46.AM,42586.132,18.06383131712966,18.212158406049642,18.187629710534836,18.384283942973408
11:49:46.AM,42586.165,17.964981889491927,18.234118429915792,18.196004732516716,18.508940750225296
11:49:46.AM,42586.198,18.017851350933814,18.40594102109164,18.298332659795932,18.884160014036063
11:49:46.AM,42586.231,18.06346478978459,18.372763165983336,18.34360415963438,18.883296771114477
11:49:46.AM,42586.264,18.080183284887205,18.363405910012286,18.40339516653706,18.962337262226868
11:49:46.AM,42586.297,18.09655309655894,18.362252428753493,18.359954452206768,18.910462136656133
11:49:46.AM,42586.33,18.108115923947615,18.36080611613725,18.3136951594109,18.873604585296544
11:49:46.AM,42586.363,18.250719084486075,18.49091297554805,18.146719365311156,18.86013789182027
11:49:46.AM,42586.396,18.357516226719518,18.46323685926621,18.157829151104885,18.654889642411817
11:49:46.AM,42586.429,18.36605439364855,18.371883962781666,18.17015079602384,18.56342994231936
11:49:46.AM,42586.462,18.55962469276839,18.370940093409985,18.314369363581786,18.597382630701524
11:49:46.AM,42586.495,18.59742587457346,18.37275611896185,18.471193179548443,18.597987470709604
11:49:46.AM,42586.528,18.849548482879662,18.400698773202198,18.654244138099525,18.635638797767236
11:49:46.AM,42586.561,19.118626881461058,18.424202704573652,18.77537723579605,18.635354312013188
11:49:46.AM,42586.594,18.986519512472025,18.499764552862132,18.75296592698056,18.66952857224932
11:49:46.AM,42586.627,18.98897081125641,18.543056913330577,18.772806730585618,18.70423505795959
11:49:46.AM,42586.66,18.987438564543965,18.58110723551213,18.863289737877512,18.751500018717824
11:49:46.AM,42586.693,18.911020261612556,18.604808065157002,18.916049607905865,18.79576229533677
11:49:46.AM,42586.726,18.763827766153128,18.63996877443999,18.910844468214147,18.841084335079188
11:49:46.AM,42586.759,18.819159642576178,18.643271300743322,19.043273915042477,18.863752119177697
11:49:46.AM,42586.792,18.83392140942921,18.63390256853875,19.067100960020085,18.835121277448387
11:49:46.AM,42586.825,18.83756794976491,18.633014764324447,19.098220461590135,18.83566557390265
11:49:46.AM,42586.858,18.88602168158452,18.66330985953401,19.101246954430582,18.819163892068623
11:49:46.AM,42586.891,19.179115019333583,18.675480106976426,19.572111092179092,18.82555193977108
11:49:46.AM,42586.924,19.25455233299989,18.783767092334067,19.545612509169604,18.838922075666716
11:49:46.AM,42586.957,19.43394580216604,18.95965749075687,19.544781234864015,18.847624338132285
11:49:47.AM,42587.0,19.346691640119225,19.06988376839633,19.62462433355465,19.12663197532114
11:49:47.AM,42587.033,19.4999889482418,19.434511663683104,19.65231021617886,19.458190732869152
11:49:47.AM,42587.066,19.458684568801825,19.476054482703336,19.597563800997918,19.701887039393334
11:49:47.AM,42587.099,19.4101163312616,19.62589675308346,19.646990052938456,19.85634175349199
11:49:47.AM,42587.132,19.402460431970955,19.71527119104538,19.63422696097313,19.934376195969975
11:49:47.AM,42587.165,19.44225109532157,19.670383944351034,19.69233885906071,19.90307457532104
11:49:47.AM,42587.198,19.485514046117814,19.85182653737676,19.74481202340862,19.944142367488652
11:49:47.AM,42587.231,19.53523585797098,19.838430588309272,19.81178708702537,19.970010691202706
11:49:47.AM,42587.264,19.502488515368228,19.78766572709811,19.787499857947683,19.90340661011775
11:49:47.AM,42587.297,19.497667736193385,19.746947770140835,19.785526579955555,19.932037561897218
11:49:47.AM,42587.33,19.526684025996698,19.735680923038565,19.77512907137564,19.923431183227336
11:49:47.AM,42587.363,19.587972748082766,19.776466369280225,19.800383202771787,20.171367393164648
11:49:47.AM,42587.396,19.677911319876607,19.813211067327153,19.827493327343745,20.25984575343316
11:49:47.AM,42587.429,19.73114739942239,19.791885061429028,19.823877970713713,20.226405010268362
11:49:47.AM,42587.462,19.733851239928516,19.861454702944503,19.75769983132974,20.184864320774313
11:49:47.AM,42587.495,19.878582364149803,20.028363255156737,19.679285368132582,20.137556395179583
11:49:47.AM,42587.528,20.09184228979581,20.048117022789977,19.678834183607506,20.08402225674236
11:49:47.AM,42587.561,20.13449449771116,20.099922496825858,19.679695845245348,20.089563774270108
11:49:47.AM,42587.594,20.80337783353074,20.0662239611449,20.01801257504852,20.087990057513643
11:49:47.AM,42587.627,21.04250397360647,19.911477943177,20.05903022759199,19.95841904583245
11:49:47.AM,42587.66,20.829165034955345,20.05590431464101,20.27680375017033,20.157254598890763
11:49:47.AM,42587.693,20.917110581009606,20.196749420343632,20.335894636385,20.24564049665881
11:49:47.AM,42587.726,20.823085602241154,20.21127410971851,20.4324940502364,20.27201341850465
11:49:47.AM,42587.759,20.80391875840201,20.18266437053716,20.448715299970807,20.311643434813263
11:49:47.AM,42587.792,20.73304051938024,20.236385341925203,20.53205657557925,20.38376339184506
11:49:47.AM,42587.825,20.49311526559754,20.233334549103684,20.555678225150043,20.426809956092093
11:49:47.AM,42587.858,20.501212211344704,20.202119803512723,20.78988966882714,20.474330332136905
11:49:47.AM,42587.891,20.462549160042002,20.242942160343286,20.953910214716682,20.543658592581213
11:49:47.AM,42587.924,20.49444863800565,20.224116965551495,20.90129987697022,20.469866354538038
11:49:47.AM,42587.957,20.506959043625542,20.206382483210458,20.87903751272875,20.459588806648693
11:49:48.AM,42588.0,20.518380249672337,20.20665744616699,20.874645855757898,20.459145731350663
11:49:48.AM,42588.033,20.461149411714324,20.213556458077086,20.701193472938222,20.459401672877288
11:49:48.AM,42588.066,20.798143479846242,20.302364487825198,21.06638838167301,20.602855301701872
11:49:48.AM,42588.099,20.7882768420624,20.402498495701785,21.133222044452655,20.85153181056902
11:49:48.AM,42588.132,20.7225747422514,20.658908004153545,20.93606145460696,20.79299393601556
11:49:48.AM,42588.165,20.711793906733988,20.826507406371505,21.048885847231233,20.955564130349426
11:49:48.AM,42588.198,20.705927922467982,21.04047144986443,21.30433488316033,21.539634358358384
11:49:48.AM,42588.231,20.97072821728965,21.59435148869772,21.443754184263877,21.81658753984167
11:49:48.AM,42588.264,21.22587088157334,21.794855803113045,21.463139690894536,21.694649706716973
11:49:48.AM,42588.297,21.100487070046803,21.50940304523092,21.378168908956013,21.485518072897495
11:49:48.AM,42588.33,21.316953882402633,21.60652429982095,21.387628952346706,21.45550613505255
11:49:48.AM,42588.363,21.298472053449363,21.552122746628985,21.46463820095889,21.650826071366215
11:49:48.AM,42588.396,21.319945814672394,21.563606280571356,21.511643834801383,21.752211090232294
11:49:48.AM,42588.429,21.021598259184803,21.30355056602712,21.47692594845583,21.726053596026315
11:49:48.AM,42588.462,21.077019183434246,21.30997133649699,21.51824753278414,21.763955821721584
11:49:48.AM,42588.495,21.083387270789633,21.19616853559788,21.35758398286861,21.499937602030332
11:49:48.AM,42588.528,21.063819589797426,21.167771664930918,21.138906988659787,21.336408192059373
11:49:48.AM,42588.561,21.049682253445745,21.12516978314357,21.166184616470154,21.34017142792872
11:49:48.AM,42588.594,21.160791962875138,21.161892879754237,21.193562993570293,21.352330657817387
11:49:48.AM,42588.627,21.334497192105278,21.264241303784246,21.15564734547572,21.30215932608849
11:49:48.AM,42588.66,21.44825611966743,21.275590136650763,21.132595049017525,21.199812548204743
11:49:48.AM,42588.693,21.741923158995505,21.321360886727707,21.20783549292864,21.2266884017782
11:49:48.AM,42588.726,21.9239027337283,21.371174597871985,21.497638627563557,21.267605518496335
11:49:48.AM,42588.759,22.49832917528982,21.37982372816803,21.89582437461569,21.429960108930228
11:49:48.AM,42588.792,22.50575850291092,21.520601054878508,22.072958113552772,21.626084879777373
11:49:48.AM,42588.825,22.56558020764279,21.653131533921457,22.03049073641058,21.6109409455476
11:49:48.AM,42588.858,22.489497961139243,21.662087534596907,21.976904533013894,21.67026672155119
11:49:48.AM,42588.891,22.4816962088068,21.69790681201369,21.98633959968432,21.71529787874165
11:49:48.AM,42588.924,22.473870174405256,21.7478629342373,22.018116995399147,21.768557155118806
11:49:48.AM,42588.957,22.45393633549304,21.769777275949473,22.105753896296125,21.82799550528446
11:49:49.AM,42589.0,22.269018896078133,21.811168871232237,22.232688359865424,21.932920697815057
11:49:49.AM,42589.033,22.04733478701418,21.75363730712941,22.286837253052354,22.02543031616758
11:49:49.AM,42589.066,21.98298158908762,21.60891335310655,22.353503318828395,22.081169220151665
11:49:49.AM,42589.099,22.0406040587077,21.617842982556265,22.50783900030464,22.08163899359844
11:49:49.AM,42589.132,22.21315164487471,21.630966199507967,22.840314246026523,22.07909568110933
11:49:49.AM,42589.165,22.167664179468137,21.70716668234479,22.74240251288821,22.017595291557384
11:49:49.AM,42589.198,22.218640748822082,21.79083507241992,22.724221430542094,22.025061247915726
11:49:49.AM,42589.231,22.403286602827155,22.069037621132612,22.715041760772074,22.063033714147593
11:49:49.AM,42589.264,22.640032155006484,22.245720153203862,22.76178606088766,22.09279952011202
11:49:49.AM,42589.297,22.61661578283302,22.218563481724537,22.74741659433169,22.199815847932022
11:49:49.AM,42589.33,22.449328709222204,22.333117232516564,22.664662276256433,22.36727734928682
11:49:49.AM,42589.363,22.438920817993782,22.681186065123708,22.658231419458875,22.51116662337056
11:49:49.AM,42589.396,22.69756975954077,23.127222610085497,22.7695585923735,23.101956714578442
11:49:49.AM,42589.429,22.876436926206605,23.390028733860323,22.873033763845736,23.18293024709247
11:49:49.AM,42589.462,23.013002300992365,23.46767227366802,22.917275499613933,23.089694419889273
11:49:49.AM,42589.495,23.027666832297456,23.2922688798891,22.909730506794155,22.948884868690435
11:49:49.AM,42589.528,22.954355583143798,23.164436589554477,23.03469758287814,23.330498507542494
11:49:49.AM,42589.561,22.91616592257735,23.112665034930117,23.09881568431773,23.211425523000955
11:49:49.AM,42589.594,22.738259195040843,23.075522566678615,23.104758122678337,23.27234315696729
11:49:49.AM,42589.627,22.743016027822467,23.028581026312352,23.07122836075328,23.280515552475745
11:49:49.AM,42589.66,22.766536256804564,23.039771577081172,23.074754942166848,23.45853199695696
11:49:49.AM,42589.693,23.39840033066773,23.24240734633365,23.059893405156895,23.194159342436272
11:49:49.AM,42589.726,23.364684859481148,23.181994068503915,23.05799105455762,23.23988561347085
11:49:49.AM,42589.759,23.300700209783574,23.120879434550073,23.07184610011225,23.229176864746584
11:49:49.AM,42589.792,23.20470530113291,23.104279019112408,23.066716785079826,23.199651455698035
11:49:49.AM,42589.825,23.23901247489688,23.090750725369478,23.059547167313347,23.18488247044494
11:49:49.AM,42589.858,23.216104296142582,23.10581159571575,23.05503687702338,23.06835528332062
11:49:49.AM,42589.891,23.609531411316024,23.06336451520272,23.151062970140043,23.067256434162754
11:49:49.AM,42589.924,24.119600637576507,23.073551637044893,23.27101511342065,23.037916830070547
11:49:49.AM,42589.957,24.281340528280023,23.04638798931705,23.374375671675697,23.0180723456964
11:49:50.AM,42590.0,24.459373221251468,23.111624146402846,23.457393241428413,23.03292053979793
11:49:50.AM,42590.033,24.459456674440805,23.24254849840742,23.582481643286673,23.213017138778167
11:49:50.AM,42590.066,24.449279613190868,23.31601784425748,23.634814976984188,23.328064288997957
11:49:50.AM,42590.099,24.045434910236906,23.296832728078034,23.423562258029296,23.26410716338529
11:49:50.AM,42590.132,23.689842318647123,23.293172503586984,23.6876092724209,23.479697168137136
11:49:50.AM,42590.165,23.434706423239124,23.2158557205627,23.753721889926187,23.568788130874157
11:49:50.AM,42590.198,23.1755469271605,23.097139577410278,23.778202774686424,23.56118352842091
11:49:50.AM,42590.231,23.283332371111854,23.127714015839583,23.810947920274273,23.55826098353458
11:49:50.AM,42590.264,23.388079650842037,23.125685758020275,23.80295162860917,23.541507617346344
11:49:50.AM,42590.297,23.42567845708775,23.12084567703066,23.95143405332811,23.521605400868545
11:49:50.AM,42590.33,23.44231672934102,23.239317086658478,23.936305282204646,23.49531193255843
11:49:50.AM,42590.363,23.51298712975291,23.318528387489504,24.086472425341192,23.598949913939606
11:49:50.AM,42590.396,24.092523979936182,23.862840758249362,24.214055310667764,23.606336775985785
11:49:50.AM,42590.429,24.014080810241943,23.860286256236538,24.160595313465667,23.64554259365166
11:49:50.AM,42590.462,24.011842105372175,23.988457306940134,24.166435563018705,23.780419000887207
11:49:50.AM,42590.495,23.900608704297124,24.64857427185335,24.22126308717524,24.604868095504017
11:49:50.AM,42590.528,24.077925895604814,24.541965161556387,24.276388828919842,24.59051379613506
11:49:50.AM,42590.561,24.149387727231073,24.67428096090366,24.35829626116019,24.772974212838005
11:49:50.AM,42590.594,24.449309001901042,25.227801250118144,24.34125566289254,24.580159460894723
11:49:50.AM,42590.627,24.386323678142794,25.005174622968546,24.390495826409573,24.469661678225542
11:49:50.AM,42590.66,24.4187468282252,24.795758997064503,24.442798845464118,24.649551367439383
11:49:50.AM,42590.693,24.36847072133169,24.61688705826424,24.519181618132304,24.68670816997128
11:49:50.AM,42590.726,24.423140618519373,24.440131483566386,24.575094753367974,24.725468529582667
11:49:50.AM,42590.759,24.487325761558026,24.48666397836032,24.636529516541273,24.818314814878846
11:49:50.AM,42590.792,24.54275688424125,24.54089970794471,24.706057500274383,24.947751928050096
11:49:50.AM,42590.825,24.538619682980954,24.54115890886126,24.697172437154844,24.91944623091969
11:49:50.AM,42590.858,24.56264421155303,24.649860608742515,24.73053403086682,24.946859399735168
11:49:50.AM,42590.891,24.522374217316738,24.651710980229172,24.723366416684396,24.943246731181095
11:49:50.AM,42590.924,24.532021684520636,24.690274146444253,24.679687847589765,24.934139381909958
11:49:50.AM,42590.957,24.708586230099584,24.764334933795727,24.714214100116013,24.91253749072103
11:49:50.AM,42590.967,24.77217468403284,24.83128332472642,24.807128609535273,24.903827231120953
11:49:51.AM,42591.0,24.863930914189115,24.82487491875232,24.74629906388517,24.71250083388419
11:49:51.AM,42591.033,25.10754261757951,24.821762863207866,24.8521103761307,24.800358809146637
11:49:51.AM,42591.066,25.65786451403082,24.90940882743096,24.978651565288857,24.79594023470996
11:49:51.AM,42591.099,26.071735228272676,24.993812466103112,25.025604952387887,24.864003541892927
11:49:51.AM,42591.132,26.210410154661822,25.065209655345534,25.162810038069246,24.84766638538276
11:49:51.AM,42591.165,26.272438993489022,25.161839354322254,25.260414019691357,24.93490867224766
11:49:51.AM,42591.198,26.040056884623347,25.07599598302527,25.29695102480029,24.964877213792725
11:49:51.AM,42591.231,25.7399411795319,25.035115310253254,25.384325300917677,25.020410609917647
11:49:51.AM,42591.264,25.518235466268727,25.02653427535024,25.434637126431085,25.10753947036484
11:49:51.AM,42591.297,25.217181122957914,24.992418442782817,25.5508171474043,25.199688756909296
11:49:51.AM,42591.33,25.35859181033861,25.03598605133749,25.786470478308757,25.302710682983495
11:49:51.AM,42591.363,25.45532284898582,25.04369739402602,25.934123301837023,25.308304885559064
11:49:51.AM,42591.396,25.474097960809274,25.216693666592988,25.88116131134639,25.43333748946631
11:49:51.AM,42591.429,25.664454319522612,25.230404286414057,26.046207738236912,25.478824157964635
11:49:51.AM,42591.462,25.726348762839613,25.22833403993612,26.00347996341342,25.494338632135783
11:49:51.AM,42591.495,25.793707027117527,25.375644560235607,26.05163354357989,25.749044413218943
11:49:51.AM,42591.528,25.83023710079187,25.47287550927871,26.174148891354868,25.95916438955356
11:49:51.AM,42591.561,25.863009359023557,25.683732236935764,26.00918062623744,25.7719327113425
11:49:51.AM,42591.594,25.871502299399012,25.757711245624943,25.885230481208517,25.802390146976528
11:49:51.AM,42591.627,25.84501088021266,25.91219963031289,25.91935730504546,26.094553069208
11:49:51.AM,42591.66,25.835980842591965,26.143522097259268,25.910859003101894,26.230604962095686
11:49:51.AM,42591.693,26.186880967232128,26.419394333123368,26.036483453602784,26.265840093771946
11:49:51.AM,42591.726,26.321150226731202,26.682482777664305,26.04145353186468,26.297163470511986
11:49:51.AM,42591.759,26.295002016561995,26.510298896574024,26.113506607829947,26.291002498387623
11:49:51.AM,42591.792,26.365792401603755,26.48963834195555,26.221408115236308,26.454505658223425
11:49:51.AM,42591.825,26.43815785914768,26.54779000729395,26.304670990202137,26.561835990320514
11:49:51.AM,42591.858,26.318943351346558,26.441628719730254,26.298303121315882,26.606373877022993
11:49:51.AM,42591.891,26.100370123000914,26.06481422005645,26.248879148838505,26.59734120493926
11:49:51.AM,42591.924,26.102512244444856,26.069414731235852,26.24745786685471,26.56869004620861
11:49:52.AM,42592.0,26.274112690042053,26.31028049743615,26.320876344053893,26.66895795153482
11:49:52.AM,42592.033,26.26981813175408,26.298156539023065,26.30298611023108,26.648085574708333
11:49:52.AM,42592.066,26.218391232081984,26.25457285283838,26.239980476497955,26.332703804885632
11:49:52.AM,42592.099,26.212178071436774,26.251213153945372,26.225979513456128,26.295499935852458
11:49:52.AM,42592.132,26.349611180000355,26.30507494841555,25.987082693239078,26.07792455179154
11:49:52.AM,42592.165,26.570626219249814,26.27846189576523,26.260175608856606,26.093974751874114
11:49:52.AM,42592.198,27.32669952377032,26.449439268433323,26.563121771981834,26.114153356499827
11:49:52.AM,42592.231,27.729572149138168,26.77301945560496,26.65512833286782,26.34142597251035
11:49:52.AM,42592.264,27.687314396830807,26.918163551076233,26.746890976465334,26.531084561623153
11:49:52.AM,42592.297,27.67686064928648,26.84084962444833,26.759913940548465,26.589379881492732
11:49:52.AM,42592.33,27.699466123089074,26.80157206040932,26.883998654427767,26.613524573400863
11:49:52.AM,42592.363,27.521496254343194,26.763311636936777,26.82047051644285,26.595394135184463
11:49:52.AM,42592.396,27.41797903916894,26.676819660318586,26.976277145600996,26.747428143196032
11:49:52.AM,42592.429,26.866359421815428,26.53583220894658,27.072863562514417,26.842281116854764
11:49:52.AM,42592.462,26.780266912065912,26.49133888107433,27.168001637231168,26.92968029431448
11:49:52.AM,42592.495,26.89321333117286,26.4987445733033,27.317161808468207,26.95656531653235
11:49:52.AM,42592.528,26.735739821773386,26.362937044771705,27.306286630670254,26.9876196797537
11:49:52.AM,42592.561,26.789971003900174,26.413491914682453,27.453966450736104,26.939715977964546
11:49:52.AM,42592.594,26.846428059347698,26.42003585680553,27.42471610793017,27.015002274576286
11:49:52.AM,42592.627,26.868365674293557,26.429282133766556,27.303978267830605,26.797122882940197
11:49:52.AM,42592.66,27.06087596291017,26.554984267291562,27.403046793905382,26.991607123116562
11:49:52.AM,42592.693,27.065433114313127,26.747181148579955,27.39054600545963,27.051732448438994
11:49:52.AM,42592.726,27.2411355467583,27.13765485095688,27.390592750365585,27.24562892254786
11:49:52.AM,42592.759,27.350474993692522,27.357642747957772,27.385799018457075,27.48481990566006
11:49:52.AM,42592.792,27.67560681627035,28.160696302640865,27.36461016929507,27.636030878874106
11:49:52.AM,42592.825,27.762368878175604,28.214174295058,27.37710409597815,27.81186006070862
11:49:52.AM,42592.858,27.78185173552302,28.074224594080608,27.479445685018707,27.904393842202587
11:49:52.AM,42592.891,27.8141253172249,28.007708241608135,27.62550833210074,27.881337827597857
11:49:52.AM,42592.924,27.77306302778682,27.993858809868357,27.839757822673903,27.949004115888393
11:49:52.AM,42592.957,27.754919052604173,27.898378642769867,27.844575672381183,28.16430763083345
11:49:52.AM,42592.967,27.73526923441836,27.947652059905433,27.964529616579952,28.500961978767833
11:49:53.AM,42593.0,27.66561253724213,27.86099447690522,27.91442216944942,28.323243543466496
11:49:53.AM,42593.033,27.54902765692857,27.84756035037211,27.88581306418584,28.260853619957626
11:49:53.AM,42593.066,27.556744061186976,27.82246764930705,27.856001117355394,28.20896154884231
11:49:53.AM,42593.099,27.49300524780349,27.88654570668263,27.736692824417396,28.19320049660168
11:49:53.AM,42593.132,27.452027457999286,27.8781187846861,27.63239834451092,28.087986146859762
11:49:53.AM,42593.165,27.544954167199393,27.89052528371432,27.64253753664588,28.07762438584519
11:49:53.AM,42593.198,27.63424777786433,27.903099723475766,27.600264366524424,27.925488038356008
11:49:53.AM,42593.231,27.632485912616918,27.904364121470504,27.521042720256343,27.935929693108907
11:49:53.AM,42593.264,28.187044257383274,27.871032195071077,27.661406694805418,27.890241207743088
11:49:53.AM,42593.297,28.78725880135671,27.88882997688239,27.971509910747184,27.890253295968588
11:49:53.AM,42593.33,28.89374871831621,27.90373848146195,28.04225370513735,27.70328912196023
11:49:53.AM,42593.363,29.231995702651023,27.9288283605081,28.264188758625707,27.77095373755968
11:49:53.AM,42593.396,29.39273997783792,28.128583990868794,28.370953965559195,27.935663014724934
11:49:53.AM,42593.429,29.415685554629817,28.115964748173194,28.347852959808915,27.96658452329494
11:49:53.AM,42593.462,28.765643511599812,27.94932510311904,28.303811570978997,27.98990954653828
11:49:53.AM,42593.495,28.413974077488884,27.942638790451316,28.28075539474314,28.097768318893444
11:49:53.AM,42593.528,28.013405613037357,27.919681520450663,28.324257618658688,28.2872551300868
11:49:53.AM,42593.561,27.835419575633395,27.80873283733178,28.65272237305838,28.400693449538498
11:49:53.AM,42593.594,27.920996915577007,27.76363767370418,28.628099746210193,28.366034761259147
11:49:53.AM,42593.627,27.994441877638728,27.925297791599125,28.919509756387548,28.48814778826693
11:49:53.AM,42593.66,27.95311093856799,27.926058534855,28.800135210011764,28.464966196191163
11:49:53.AM,42593.693,27.992081557797636,27.94698803163738,28.76624735220191,28.43527316417799
11:49:53.AM,42593.726,28.52296879657208,28.397985316262783,28.755510590032536,28.42658311713412
11:49:53.AM,42593.759,27.859572132994998,28.3258550175813,28.152933636957826,28.53960243099894
11:49:53.AM,42593.792,28.578792923908477,28.512801734114724,28.625338601245982,28.51141970162653
11:49:53.AM,42593.825,28.627473942256596,28.85086249003827,28.69823991572148,28.763210693777665
11:49:53.AM,42593.858,28.76448570097524,29.48254451284822,28.807573864170777,29.36716588501428
11:49:53.AM,42593.891,29.15579871220313,29.880122844933826,28.815708807409468,29.2230259293685
11:49:53.AM,42593.924,29.059394210143957,29.677512937649492,28.973595223000764,29.965964976401718
11:49:54.AM,42594.0,29.12029020332699,29.872931077211152,28.926223874564343,29.746898631792558
11:49:54.AM,42594.033,29.031890158468254,29.748002385590247,28.92742492167787,29.550613498855462
11:49:54.AM,42594.066,29.131284642594952,29.575701544447757,29.035504974088276,29.704363648821975
11:49:54.AM,42594.099,29.076337568041236,29.519945452955394,29.14185523656148,29.60710086579452
11:49:54.AM,42594.132,29.038583661745907,29.291758153495955,29.126044914689217,29.553056816835287
11:49:54.AM,42594.165,29.013732695686517,29.26026798366495,29.12414642461222,29.542177532889173
11:49:54.AM,42594.198,28.99378621168392,29.250742348044394,29.148420752390553,29.63961008495422
11:49:54.AM,42594.231,28.987425755696385,29.282651841801773,29.135502483501792,29.670992480541564
11:49:54.AM,42594.264,29.005463858076215,29.27401523012641,29.125515130396703,29.61715550525639
11:49:54.AM,42594.297,29.04239940086603,29.270149682737376,29.149229793717776,29.592495628871525
11:49:54.AM,42594.33,29.083502790484836,29.26540312612853,29.144181875538376,29.456563024417274
11:49:54.AM,42594.363,29.18089869192393,29.341514345255288,29.190309172949664,29.561522184995162
11:49:54.AM,42594.396,29.211814348596725,29.485674008194902,29.02895530648753,29.350285773393924
11:49:54.AM,42594.429,29.77391903323235,29.488622540182327,29.177686538251532,29.31616602260715
11:49:54.AM,42594.462,30.418543545473575,29.469889016222783,29.33940034264412,29.10929987988995
11:49:54.AM,42594.495,30.648630202125428,29.90205229604885,29.540922404302894,29.36992910081483
11:49:54.AM,42594.528,30.677214993984474,29.77404073486197,29.746521652301258,29.36030533758177
11:49:54.AM,42594.561,30.834862854844925,29.81375685522769,29.910894015323517,29.513426409650503
11:49:54.AM,42594.594,30.757580107304136,29.78501724980695,29.887163457644103,29.57777558003144
11:49:54.AM,42594.627,30.56087272746933,29.753097436210155,29.81930756338276,29.563669032927898
11:49:54.AM,42594.66,30.436504054966182,29.750782322018658,29.97976405455353,29.798969741687415
11:49:54.AM,42594.693,29.84233984769774,29.552361928807173,29.96051777247762,29.769114651692217
11:49:54.AM,42594.726,29.771134972913455,29.526751133103733,30.201130452980745,29.94643648520464
11:49:54.AM,42594.759,29.7322914912418,29.486979130874456,30.436859682874584,30.086733956780016
11:49:54.AM,42594.792,29.720615451864823,29.454281997889485,30.431656296043247,30.014102684113045
11:49:54.AM,42594.825,29.700207402689998,29.549926507450888,30.347414145855154,29.98660371323791
11:49:54.AM,42594.858,29.83639533731544,29.72587093647179,30.06193834601676,30.022777333651536
11:49:54.AM,42594.891,30.11109337125214,29.72521104382486,30.371075198998902,30.207206865751782
11:49:54.AM,42594.924,30.224145275252468,30.11281542323143,30.3321832801672,30.159539548431415
11:49:54.AM,42594.957,30.047203406654674,30.02246149121611,30.452204953129854,30.601836646952673
11:49:55.AM,42595.0,30.04225542786069,30.263011040699826,30.412105644349307,30.529967062198956
11:49:55.AM,42595.033,30.37137548994187,30.93357690503989,30.380920364731,30.65167631446823
11:49:55.AM,42595.066,30.626628297094623,31.306270238950553,30.370718028304935,30.55579382814924
11:49:55.AM,42595.099,30.616014775677126,31.209032209301434,30.35073593921135,30.584772930840288
11:49:55.AM,42595.132,30.53929666112226,30.98708391109691,30.337048080453044,30.56669791058258
11:49:55.AM,42595.165,30.6699919263701,31.21616284459416,30.357970219891516,30.55581276132204
11:49:55.AM,42595.198,30.638948614544965,31.05734263747508,30.39909258421047,30.694970126093047
11:49:55.AM,42595.231,30.713030810451112,30.962611139613145,30.520614643813325,30.861537100129905
11:49:55.AM,42595.264,30.56131820057189,30.686469280011302,30.531736718546238,30.811408237251804
11:49:55.AM,42595.297,30.727254553307386,30.73771267657589,30.432493019793103,30.694696464667377
11:49:55.AM,42595.33,30.69233633084755,30.695576107482225,30.469803787385512,30.67986554235232
11:49:55.AM,42595.363,30.603443580094176,30.683472271383692,30.493230515667467,30.800335800213396
11:49:55.AM,42595.396,30.427735486990102,30.6795335561921,30.608769604938978,30.925677869237614
11:49:55.AM,42595.429,30.334400789644366,30.41002032679243,30.593799287999964,30.915339019136887
11:49:55.AM,42595.462,30.415438955545042,30.45124656549516,30.66627829176712,30.88765228252708
11:49:55.AM,42595.495,30.547924190662936,30.612923336149557,30.642973634126445,30.862755285946246
11:49:55.AM,42595.528,30.51253532706134,30.543851783448257,30.33786300228204,30.336887811921624
11:49:55.AM,42595.561,30.51176415477328,30.381184108237836,30.336206464901476,30.203186620998697
11:49:55.AM,42595.594,31.6992533348636,30.529910918016466,30.597437846220213,30.127282186593725
11:49:55.AM,42595.627,31.988947666432367,30.525285677537717,31.38342742427971,30.49471003182422
11:49:55.AM,42595.66,31.93257067353052,30.354398893212363,31.302951768908883,30.289238420307615
11:49:55.AM,42595.693,32.37175462039967,30.888836433592648,31.253520936218834,30.497387435744017
11:49:55.AM,42595.726,32.12810123551214,30.94752950401869,31.218103649329045,30.65483024368232
11:49:55.AM,42595.759,31.923816187691777,31.193835392829556,31.092651534454333,30.6807509560367
11:49:55.AM,42595.792,31.498535740047636,31.108434467818746,30.718281897655952,30.618381359138596
11:49:55.AM,42595.825,31.33804656979428,31.007645237807203,31.237204904933186,31.450353652332034
11:49:55.AM,42595.858,31.229961383716457,30.98666540905753,31.320915208480734,31.333710454544963
11:49:55.AM,42595.891,31.24241179976122,31.11695303358487,31.828820979311836,31.672342875288578
11:49:55.AM,42595.924,31.24489674911142,31.30656378766127,31.79915476400059,31.866313560152626
11:49:55.AM,42595.957,31.451080917707074,31.250008477222785,32.061793921420964,32.01676013784575
11:49:56.AM,42596.0,31.40412027234911,31.24883837907109,31.86988579811046,31.8204917571243
11:49:56.AM,42596.033,30.847724540057627,30.558267754749522,31.832270150195917,31.133974143749697
11:49:56.AM,42596.066,30.86393651807487,30.588768391809626,31.752440890042358,31.11030485048392
11:49:56.AM,42596.099,31.085875782243505,30.59224163867584,31.69265125269886,31.107983311611676
11:49:56.AM,42596.132,30.45524116888933,30.33591111954232,30.816841655814837,30.79009494348619
11:49:56.AM,42596.165,31.319906188308643,30.533697221439763,31.14331680512594,31.192710594029492
11:49:56.AM,42596.198,31.64780525281129,31.57922920870803,31.58026291844373,31.765615746619986
11:49:56.AM,42596.231,31.57926805609121,32.345213415068635,31.696995636769543,32.309036770371655
11:49:56.AM,42596.264,31.55340437703802,32.21096820390003,31.67742100419757,32.358398175411125
11:49:56.AM,42596.297,31.649596460901748,32.56306005531159,31.667672185544454,32.438937672797934
11:49:56.AM,42596.33,31.68499270586082,32.684515148712464,31.648193670465858,32.584456172142986
11:49:56.AM,42596.363,31.714096903753322,32.61208054126941,31.311763189992547,32.41779033855657
11:49:56.AM,42596.396,31.592023446043818,32.39084772294365,31.324742410659958,32.45427477876496
11:49:56.AM,42596.429,31.723053812837016,32.45197402899276,31.796335545672136,32.73154083871532
11:49:56.AM,42596.462,31.749836203503428,32.46252410527812,32.11809936854976,32.92707736956573
11:49:56.AM,42596.495,31.788477840905117,32.389545549595326,32.11897378918716,32.81354915334037
11:49:56.AM,42596.528,31.779608222097437,32.36725581252559,32.11738904482996,32.779233512478015
11:49:56.AM,42596.561,31.804387092259248,32.36206747607159,32.257277733716535,32.89257142315199
11:49:56.AM,42596.594,31.93514407239553,32.348448018168604,32.246782686426755,32.82880187942727
11:49:56.AM,42596.627,32.011746030638676,32.34532134302501,32.28390130561795,32.854423879934465
11:49:56.AM,42596.66,32.10069560859055,32.41036231309738,32.32631555979986,32.82639110698899
11:49:56.AM,42596.693,32.01355655309035,32.38351146078263,32.3075591365954,32.768827730141034
11:49:56.AM,42596.726,31.704819797717597,31.84039597231942,32.10848901857264,32.36671015536203
11:49:56.AM,42596.759,32.42999751499624,31.861406865897074,32.2719678352788,32.376268821394106
11:49:56.AM,42596.792,32.92434859138841,32.13922577493364,32.20717411359493,31.905640561226626
11:49:56.AM,42596.825,32.97119051821471,32.331588254305245,32.042793417912435,31.91860780245993
11:49:56.AM,42596.858,33.02473688260508,32.33024119895434,31.959290757064977,31.969264449911826
11:49:56.AM,42596.891,33.46403644908185,32.327793089503665,31.97777486724221,31.834335539937605
11:49:56.AM,42596.924,33.32955568784628,32.23777788349187,31.97066726798144,31.653135352570636
11:49:56.AM,42596.957,33.27124170259469,32.13053409076546,31.961498352076056,31.112831853521634
11:49:57.AM,42597.0,33.16059510300966,32.12037540194025,31.95630051619314,31.19061458762691
11:49:57.AM,42597.033,33.10162037165791,32.12424921727977,31.981857757433524,31.520081000888176
11:49:57.AM,42597.066,32.438715267123676,32.20832523539206,32.13472649520814,32.00369126465618
11:49:57.AM,42597.099,32.34866214695549,32.38892465798206,32.44435282862285,32.281035223723414
11:49:57.AM,42597.132,32.379326835619416,32.363580057707814,32.51994537436646,32.249600655867354
11:49:57.AM,42597.165,32.40960388437577,32.369507722774934,32.46537873797483,32.21934740202727
11:49:57.AM,42597.198,32.30944989571951,32.3078998457859,32.43087424317216,32.199881434404645
11:49:57.AM,42597.231,32.10952516075272,31.99137746157934,32.4349561688954,32.18239871374757
11:49:57.AM,42597.264,32.128050591206446,31.96485266410437,32.46848339156703,32.16979376011891
11:49:57.AM,42597.297,32.141123701302085,32.040677421216884,32.46156554252334,32.17770379569855
11:49:57.AM,42597.33,32.17852706220012,32.167887299619004,32.45173720505527,32.21664165126437
11:49:57.AM,42597.363,32.07211340011931,32.02425898914192,32.340990618358504,32.193361609524366
11:49:57.AM,42597.396,32.11559679082767,32.077534095344525,32.35606809239614,32.20949223141393
11:49:57.AM,42597.429,32.28265152045675,32.20321247768583,32.35766334968095,31.93557560047853
11:49:57.AM,42597.462,32.2872016122711,32.32344924273507,32.37007119077935,32.08948887527496
11:49:57.AM,42597.495,32.24220846029187,32.32476747533739,32.375864673578064,32.07359808324574
11:49:57.AM,42597.528,32.21481933668679,32.30614517962088,32.371586269800495,32.22459862281619
11:49:57.AM,42597.561,32.22716336689389,32.30225873994939,32.41977715290484,32.21455074651954
11:49:57.AM,42597.594,32.34393248738985,32.37930556054297,32.42568567703564,32.314842650227476
11:49:57.AM,42597.627,32.33873017187914,32.389403629478046,32.424784332208354,32.192428912146006
11:49:57.AM,42597.66,32.344215556865464,32.383869685034746,32.454504514952475,32.18515496872973
11:49:57.AM,42597.693,32.34417132694333,32.37397877974009,32.281042273750224,32.164773359946956
11:49:57.AM,42597.726,32.34950099197382,32.38075587362697,32.32512797532066,32.185417826857105
11:49:57.AM,42597.759,32.3495593941464,32.31676779521143,32.087992313472945,32.21264089716609
11:49:57.AM,42597.792,32.42797748056186,32.36876354888965,32.11130105680664,32.108202957062545
11:49:57.AM,42597.825,32.50701325059804,32.37581681461591,32.175826200157616,32.10867740324011
11:49:57.AM,42597.858,32.50760638020929,32.391805789933564,32.19064431014375,32.13666584084308
11:49:57.AM,42597.891,32.50320307187628,32.26047594810392,32.22024122179722,32.14924914129701
11:49:57.AM,42597.924,32.71548565920521,32.679265669920014,32.22648173877104,32.23092863599356
11:49:57.AM,42597.957,32.93543858550713,32.94943322828752,32.330859911656,32.27752468116129
11:49:58.AM,42598.0,32.87199898660163,32.922836048289504,32.33691036358735,32.2882242758818
11:49:58.AM,42598.033,33.152434462812224,32.91328047806614,32.39358013313338,32.3015016780275
11:49:58.AM,42598.066,33.15958316507948,32.852857383704894,32.48225452896475,32.29931892046902
11:49:58.AM,42598.099,33.18038170065862,32.86925349966692,32.51198582675119,32.32013291732526
11:49:58.AM,42598.132,33.15044687154588,32.62918551318001,32.50993801169603,32.15396225170071
11:49:58.AM,42598.165,33.12186487715981,32.508574727253915,32.505689503855365,32.1543802879189
11:49:58.AM,42598.198,33.11652091349882,32.51046155667118,32.505001768463686,32.185237330495355
11:49:58.AM,42598.231,32.92161109702707,32.51235395964072,32.312274958822265,32.01856774023521
11:49:58.AM,42598.264,32.86936484387505,32.44401822334812,32.13103013665896,31.758746081556296
11:49:58.AM,42598.297,32.72121505512508,32.44773841356893,31.94634674877488,31.661556449282926
11:49:58.AM,42598.33,32.59762952054797,32.34204665958487,31.902034714785053,31.468857094005976
11:49:58.AM,42598.363,32.55519828516879,32.345560202459794,31.837688062360158,31.559115325788326
11:49:58.AM,42598.396,32.52451403389904,32.34190868055303,31.755877456509353,31.557524627102914
11:49:58.AM,42598.429,32.53634468560089,32.313110209803725,31.781260009056055,31.74155550493432
11:49:58.AM,42598.462,32.541889875465486,32.21154739657408,31.787920141649508,31.63577396883712
11:49:58.AM,42598.495,32.56133757016849,32.22604256019592,31.792371999534105,31.683498483057647
11:49:58.AM,42598.528,32.65996245166223,32.3686767307634,31.83225642754433,31.76262635410022
11:49:58.AM,42598.561,32.691070266251465,32.40565244127363,31.85074093209125,31.784509350764694
11:49:58.AM,42598.594,32.693060781605006,32.405560104109185,31.95965895715745,31.80776091069155
11:49:58.AM,42598.627,32.695956660487774,32.42939645813103,31.965879842447983,31.808636161629686
11:49:58.AM,42598.66,32.695962080565224,32.430065090787224,31.971373046463157,31.817848823530397
11:49:58.AM,42598.693,32.69626380095804,32.344693247495485,32.04379418061943,31.818176167713084
11:49:58.AM,42598.726,32.69683834932983,32.311231395372474,32.0434466867039,31.59537404491647
11:49:58.AM,42598.759,32.672648385713984,32.30849301415489,32.06834398254696,31.709359798075205
11:49:58.AM,42598.792,32.66943902751715,32.31027264593089,32.09581983478734,31.769415624095693
11:49:58.AM,42598.825,32.67706383067344,32.28485501295307,32.07662355908326,31.48186537013293
11:49:58.AM,42598.858,32.639152542811054,32.259599326277,32.06552183217915,31.50668228217014
11:49:58.AM,42598.891,32.64085600670811,32.282358918580336,32.06792985143499,31.753362700045287
11:49:58.AM,42598.924,32.675733842571155,32.29000350755488,32.06581933581563,31.706142344986638
11:49:58.AM,42598.957,32.67300020751811,32.334128863419274,32.02077113149914,31.706336395661836
11:49:59.AM,42599.0,32.59321870161635,32.28900542158882,31.9392613106346,31.64097129146431
11:49:59.AM,42599.033,32.59579393331392,32.29718584678018,31.971269253616434,31.793915546608595
11:49:59.AM,42599.066,32.59663985908729,32.290938165241116,31.973810636202373,31.755723794334195
11:49:59.AM,42599.099,32.59791691047161,32.28267267259887,31.97578311575557,31.754122378738032
11:49:59.AM,42599.132,32.60002758074575,32.27457689054993,31.977726411703088,31.75319369766347
11:49:59.AM,42599.165,32.601682172239144,32.26575601864038,31.978364997904613,31.752645732229198
11:49:59.AM,42599.198,32.60461089290871,32.26588456408166,31.992148212583764,31.779565476195714
11:49:59.AM,42599.231,32.59146080279331,32.26598141404242,32.00372073038147,31.778585770663277
11:49:59.AM,42599.264,32.6302400793936,32.38862841211477,32.010870322303546,31.799057187334206
11:49:59.AM,42599.297,32.63072419420729,32.3817044961458,31.915509422086444,31.765110073926905
11:49:59.AM,42599.33,32.65216518219419,32.434402960707395,31.996447758111373,31.851170252993647
11:49:59.AM,42599.363,32.69073251609765,32.45346449412711,32.0222251836609,31.867305388651452
11:49:59.AM,42599.396,32.700745074637766,32.522407467978404,32.023918847245184,31.8717753753045
11:49:59.AM,42599.429,32.69936804041287,32.39815348409209,32.01983248559582,31.707565436703447
11:49:59.AM,42599.462,32.719545061866455,32.43227923809187,32.067336513577025,31.81658235435664
11:49:59.AM,42599.495,32.72377012090204,32.4270173384597,32.06312112140055,31.75949064011123
11:49:59.AM,42599.528,32.77812783214319,32.45275040765243,32.063079372990366,31.759442823408044
11:49:59.AM,42599.561,32.77673539511821,32.39754292170284,32.06167390465381,31.75394141837151
11:49:59.AM,42599.594,32.775608095328536,32.482741531537755,32.05319318540583,31.76053239576452
11:49:59.AM,42599.627,32.774898352552896,32.48654170808564,32.04125764295267,31.76086372209369
11:49:59.AM,42599.66,32.788568409341366,32.519035367333565,32.04415558203855,31.801546429615854
11:49:59.AM,42599.693,32.790735786995796,32.54762672524247,32.05366084195737,31.81116625891209
11:49:59.AM,42599.726,32.79084116533026,32.52211421492258,32.043021016609586,31.74390466182693
11:49:59.AM,42599.759,32.79411367115016,32.567181472941144,32.042404248772684,31.778045504338024
11:49:59.AM,42599.792,32.82231142020845,32.50955563764069,32.06104600503628,31.74206898105301
11:49:59.AM,42599.825,32.851146986326896,32.545644389720785,32.07898095866723,31.872655762007746
11:49:59.AM,42599.858,32.85091177460963,32.49197406705171,32.07870237106014,31.770924542715647
11:49:59.AM,42599.891,32.84965736727728,32.57977966656927,32.08012321687919,31.81703648971564
11:49:59.AM,42599.924,32.858235866988956,32.57772894668646,32.102501944206494,31.85063961399357
11:49:59.AM,42599.957,32.89072907951597,32.59433207276821,32.142252773434535,31.93309878298058
11:50:00.AM,42600.0,32.88569655373811,32.61608992562549,32.13934985003986,31.916242152806227
11:50:00.AM,42600.033,32.89313257352586,32.617580653469695,32.137927410848,31.912163412120826
11:50:00.AM,42600.066,32.896466957349496,32.61578244572607,32.168736339003196,31.97398192113043
11:50:00.AM,42600.099,32.86907279505006,32.62345673829056,32.16272222480299,31.971168921151936
11:50:00.AM,42600.132,32.87366401977459,32.622735381990005,32.16861379455443,31.94545723220729
11:50:00.AM,42600.165,32.743827789354384,32.55522874309724,32.17211892292633,31.932406721424933
11:50:00.AM,42600.198,32.75239264735832,32.54400426016369,32.17124344689161,31.886901532260758
11:50:00.AM,42600.231,32.75663137569997,32.510951166421904,32.16868031857149,31.87201094291062
11:50:00.AM,42600.264,32.759398544653045,32.51973261780895,32.17825205161515,31.871589674752087
11:50:00.AM,42600.297,32.79614363348185,32.527872926341104,32.17763548392951,31.87077983851701
11:50:00.AM,42600.33,32.807419174596106,32.52854013466114,32.17740427695069,31.85492986577431
11:50:00.AM,42600.363,32.83408529361967,32.52870291605252,32.17691735157217,31.84124035489758
11:50:00.AM,42600.396,32.83778156758362,32.52190500703442,32.176474226859575,31.87578564310222
11:50:00.AM,42600.429,32.84395353827124,32.51515989816328,32.18676372566123,31.8708331386146
11:50:00.AM,42600.462,32.85236685762599,32.50750097311278,32.18824644358385,31.908656089254258
11:50:00.AM,42600.495,32.88117878616872,32.50803516166946,32.22072766257403,31.794312579974495
11:50:00.AM,42600.528,32.716033730070706,32.29282351172779,32.14080037437012,31.492005987394293
11:50:00.AM,42600.561,32.487656946933306,32.23066681415355,31.957901005433108,31.512831033415836
11:50:00.AM,42600.594,32.50743487069543,32.2193245742539,32.03358264377812,31.560638696086542
11:50:00.AM,42600.627,32.5642072818249,32.22810152964659,32.12731888557355,31.8003770892849
11:50:00.AM,42600.66,32.58652027809461,32.23251722735326,32.2730635534625,31.933330051924315
11:50:00.AM,42600.693,32.59585499659399,32.20889205179537,32.320009252523235,32.022209566669176
11:50:00.AM,42600.726,32.599176095489725,32.20340369527806,32.283954189991945,31.60236822855719
11:50:00.AM,42600.759,32.54346892505485,32.09128179153765,32.310991261422586,31.78303851636654
11:50:00.AM,42600.792,32.54980451991136,32.10516298655835,32.296975906397535,31.534996576047263
11:50:00.AM,42600.825,32.49879913415233,32.017507788172125,32.29508656198455,31.65669707250261
11:50:00.AM,42600.858,32.51160161900467,32.03519411542664,32.301812263373186,31.767214868313317
11:50:00.AM,42600.891,32.518304179381644,32.04702448601158,32.318825650105914,31.89843138014009
11:50:00.AM,42600.924,32.72024886336024,32.27133545197652,32.283252604293665,31.934771241230138
11:50:00.AM,42600.957,32.71902220521263,32.26596380491674,32.269396175532535,31.684506515995658
