Time (sec),LeftHeel (m),RightHeel (m)
0,3.54842444989034,3.61516125664324
0.0329999999958091,3.66054041773981,3.6151588040277
0.0669999999954598,2.96132414485779,2.92973551028941
0.0999999999985448,2.2670464264596,2.24457831946952
0.13300000000163,2.13518255324864,2.12819384358404
0.167000000001281,2.0425530705578,2.03546214858486
0.19999999999709,1.98902212779917,1.98685512497255
0.233000000000175,1.93350909347419,1.94839120459312
0.266999999999825,1.88925710353187,1.9096416508157
0.299999999995634,1.88257792981134,1.8796971790576
0.332999999998719,1.84041202426277,1.83140015313462
0.36699999999837,1.83355166314513,1.84262979147341
0.400000000001455,1.77483363163706,1.79975601985751
0.432999999997264,1.79725544168105,1.81145717507931
0.466999999996915,1.80307630297334,1.82799844604943
0.5,1.80831917026339,1.82104721245976
0.532999999995809,1.81682135974792,1.82752289771964
0.56699999999546,1.78548328226236,1.79311054154721
0.599999999998545,1.81036551283874,1.79827327115362
0.63300000000163,1.81469622611155,1.79726687797181
0.667000000001281,1.80994289348213,1.79615472398092
0.69999999999709,1.8050088459436,1.80782619751224
0.733000000000175,1.81612176543363,1.81672657601972
0.766999999999825,1.8172062650211,1.81407097004845
0.799999999995634,1.81402761838708,1.812610968051
0.832999999998719,1.93564536243488,1.935115898461
0.86699999999837,1.86268419085389,1.86502869101882
0.900000000001455,1.81476330636161,1.84883950177144
0.932999999997264,1.81938623043528,1.84034185627633
0.966999999996915,1.81860225945696,1.83773236465376
1,1.82032800895703,1.82886630350951
1.03299999999581,1.83905530390407,1.85558891535305
1.06699999999546,1.87815108630526,1.89236961115792
1.09999999999854,1.87284120216433,1.88717541145208
1.13300000000163,1.85853573455813,1.85698973483475
1.16700000000128,1.85998778943972,1.85675541332289
1.19999999999709,1.82959614257151,1.83984647448372
1.23300000000017,1.82981529707168,1.84029826029757
1.26699999999983,1.83495499577457,1.84060214998942
1.29999999999563,1.83508753764241,1.83667265290722
1.33299999999872,1.83374683993753,1.82462925618847
1.36699999999837,1.83520536294516,1.82587232101847
1.40000000000146,1.83439532356484,1.82285947329012
1.43299999999726,1.82615111327781,1.81520151940007
1.46699999999692,1.81600329907292,1.80987768905322
1.5,1.81746292644062,1.81318619704374
1.53299999999581,1.82048208022533,1.81363843117764
1.56699999999546,1.82114745365072,1.81718527754255
1.59999999999854,1.83700414859566,1.82619205679695
1.63300000000163,1.83735626016714,1.83473784752502
1.66700000000128,1.83734300307267,1.8398915531311
1.69999999999709,1.87040759592062,1.87909795690829
1.73300000000017,1.88896564625751,1.89137608027126
1.76699999999983,1.88388304503957,1.88531711038933
1.79999999999563,1.87867440195268,1.880019480906
1.83299999999872,1.86342667025784,1.87863693366294
1.86699999999837,1.86539306036434,1.88129573636922
1.90000000000146,1.86520724717569,1.88148959123757
1.93299999999726,1.86465946573013,1.88028587618605
1.96699999999692,1.87325214610073,1.8858279502714
2,1.87083237459052,1.88454076856297
2.03299999999581,1.86731503768903,1.87602441670353
2.06699999999546,1.88281685315757,1.89415128344224
2.09999999999855,1.88718507517346,1.89832010605954
2.13300000000163,1.90951074722768,1.92314078625606
2.16700000000128,1.94026016081375,1.93702273524443
2.19999999999709,1.95252710528567,1.95929508236342
2.23300000000017,1.96486251024479,1.97008169928997
2.26699999999983,1.98233566774302,1.99047115361466
2.29999999999563,2.01460970376194,2.02739610344062
2.33299999999872,2.01767377837479,2.04376255039291
2.36699999999837,2.07110212784208,2.08340082074868
2.40000000000146,2.0942425188534,2.12745380076963
2.43299999999726,2.16256117001837,2.18857208191283
2.46699999999692,2.22209896449301,2.22784710637885
2.5,2.25382688570196,2.25371860789244
2.53299999999581,2.33678052465619,2.33064069360394
2.56699999999546,2.9236488963811,3.11599607526149
2.59999999999855,2.53999013251312,2.59015699034595
2.63300000000163,2.51373771888708,2.56836457203875
2.66700000000128,2.61880122108207,2.65603810974798
2.69999999999709,2.68606764929191,2.73961028712597
2.73300000000017,2.79191993821329,2.86140675916525
2.76699999999983,2.89073767665138,2.93045438865321
2.79999999999563,2.95391068619857,3.01852958800247
2.83299999999872,3.01082751068565,3.0554943255023
2.86699999999837,3.02982121284838,3.07523606505504
2.90000000000146,3.09899648204341,3.15046991143164
2.93299999999726,3.22916506785712,3.22498568248337
2.96699999999692,3.42864177369184,3.34684167971413
3,3.41742026847539,3.38573261954565
3.03299999999581,3.48085677172362,3.36219314109156
3.06699999999546,3.38730087595872,3.36248959495945
3.09999999999855,3.39107066568073,3.3726827952117
3.13300000000163,3.43165159654006,3.38373722127249
3.16700000000128,3.500473741417,3.45439761818655
3.19999999999709,3.50453430948852,3.46683678659848
3.23300000000017,3.57071400309297,3.53098199870532
3.26699999999983,3.62397549994179,3.58881166311003
3.29999999999563,3.60032488251105,3.60259627122093
3.33299999999872,3.58331961926304,3.58842808390628
3.36699999999837,3.80441994149462,3.86906107984192
3.40000000000146,3.8872557236582,3.92351149313796
3.43299999999726,3.93681144242789,3.96162924776866
3.46699999999692,3.97398343712967,3.99353612733199
3.5,3.98369026894308,4.03517116853064
3.53299999999581,3.9575583902919,4.12873881777418
3.56699999999546,3.89446487666566,4.20491140819159
3.59999999999855,3.82573322838404,4.33704666424285
3.63300000000163,3.87147407243309,4.36029234049628
3.66700000000128,3.85757310326435,4.34894927976352
3.69999999999709,3.91424102717508,4.34607160420595
3.73300000000017,3.93043895501566,4.38526960648496
3.76699999999983,3.98635120431867,4.3964134271119
3.79999999999563,4.01287978154816,4.38329392761652
3.83299999999872,4.11444568173863,4.43412961715429
3.86699999999837,4.24795914713054,4.41671595140865
3.90000000000146,4.36656997855834,4.41650819061588
3.93299999999726,4.41793787877336,4.43350204904413
3.96699999999692,4.43608520108449,4.44205909071569
4,4.48150283201011,4.44702407401607
4.03299999999581,4.50547795342851,4.43345928870086
4.06699999999546,4.55580715147897,4.43818666249273
4.09999999999855,4.6256082579933,4.46419250779218
4.13300000000163,4.67677415527479,4.45363040125956
4.16700000000128,4.77353552651704,4.4464010401129
4.19999999999709,4.84677592893074,4.44152874431273
4.23300000000018,4.95741660884632,4.43827845136721
4.26699999999983,5.07066815488246,4.43985123974391
4.29999999999563,5.09744017642342,4.4428227932265
4.33299999999872,5.12364864057684,4.46086791842499
4.36699999999837,5.13651394805953,4.48984355016629
4.40000000000146,5.10157134686824,4.56302774075006
4.43299999999726,5.09460967766374,4.68477801390495
4.46699999999692,5.1279403026903,4.77259743019285
4.5,5.1590075272359,4.95902431149159
4.53299999999581,5.18618614451312,5.02906624574002
4.56699999999546,5.20558235187368,5.11579740788455
4.59999999999855,5.22507558352582,5.21109627706812
4.63300000000163,5.23272669751857,5.31621186259082
4.66700000000128,5.23808058485931,5.35273713136273
4.69999999999709,5.22979161732836,5.35215115360099
4.73300000000018,5.23058841722576,5.4289325427909
4.76699999999983,5.23799525442303,5.51625558990659
4.79999999999563,5.23033170785059,5.61553163600199
4.83299999999872,5.22102908548043,5.66577042093123
4.86699999999837,5.21698649134415,5.71222328245161
4.90000000000146,5.22692072169611,5.72039895398799
4.93299999999726,5.22535499901937,5.75590056536474
4.96699999999692,5.2502444770281,5.66436914055112
5,5.31053529610009,5.79403092283126
5.03299999999581,5.39074249625932,5.79473533626936
5.06699999999546,5.45661476849848,5.8644203743538
5.09999999999855,5.60016311807751,5.83400722259979
5.13300000000163,5.72242315775188,5.89786953283206
5.16700000000128,5.9025487994222,5.96720738673767
5.19999999999709,6.0051034982185,5.97259202528511
5.23300000000018,6.04562727805144,6.01715536036743
5.26699999999983,6.08095474261123,5.9652256897986
5.29999999999563,6.06862415021636,5.94713299970169
5.33299999999872,6.11376687917917,5.96680817372896
5.36699999999837,6.11123550690314,5.9542703979826
5.40000000000146,6.17473248711237,5.95245071777206
5.43299999999726,6.23762329811487,5.9473849069099
5.46699999999692,6.32680893196323,5.94511341729481
5.5,6.40904032564117,5.93875956506248
5.53299999999581,6.50690334718377,5.93544241411947
5.56699999999546,6.50774268571992,5.9381073675416
5.59999999999855,6.53225813739074,5.95878848006078
5.63300000000163,6.54422995523565,5.99415483607509
5.66700000000128,6.5531200976915,6.10007204244222
5.69999999999709,6.59161941175054,6.18778513466856
5.73300000000018,6.61466016933954,6.37018369226374
5.76699999999983,6.64083108997041,6.59348100997458
5.79999999999563,6.6579067089242,6.70978443998657
5.83299999999872,6.65549483031442,6.79979284404811
5.86699999999837,6.65642808602652,6.77977215027923
5.90000000000146,6.65383716412193,6.86779066699294
5.93299999999726,6.68842232330921,6.8936374344484
5.96699999999692,6.69689323853122,6.91222418823542
6,6.72290538048896,6.97127990213883
6.03299999999581,6.7162031964516,7.00326509052563
6.06699999999546,6.7063676766876,7.07781020456538
6.09999999999855,6.6809680174506,7.10900900310495
6.13300000000163,6.66409621262212,7.12895704877156
6.16700000000128,6.6540648157544,7.17373320851917
6.19999999999709,6.65440732593676,7.20863070389543
6.23300000000018,6.65612705437122,7.25432438625789
6.26699999999983,6.67829834583866,7.26671513794391
6.29999999999563,6.79855466206035,7.31953504525194
6.33299999999872,6.9435100277071,7.30139006382104
6.36699999999837,7.16051503645204,7.31198482417838
6.40000000000146,7.27318987080965,7.3969438196874
6.43299999999726,7.45150902355527,7.36639189734784
6.46699999999692,7.53301229734891,7.3875383480707
6.5,7.53836781777515,7.36845570573725
6.53299999999581,7.53645167966863,7.35597446850942
6.56699999999546,7.53316576738658,7.35730893963277
6.59999999999855,7.4999266938524,7.36262463664161
6.63300000000163,7.55676705180958,7.34979248625733
6.66700000000128,7.64076480228634,7.34308608283206
6.69999999999709,7.70207670061547,7.34097016617328
6.73300000000018,7.76997280554771,7.35429658215756
6.76699999999983,7.83377022463588,7.37929510700846
6.79999999999563,7.90439163839884,7.3871063805787
6.83299999999872,7.90892308831179,7.43371752884618
6.86699999999837,7.93474387676931,7.44199851489233
6.90000000000146,7.97969231683115,7.51073841954579
6.93299999999726,7.99775018095311,7.57961005891774
6.96699999999692,8.05199026313873,7.68658068673015
7,8.06600524226709,7.89451072631813
7.03299999999581,8.11271711057782,8.06575113336148
7.06699999999546,8.08983301710315,8.24017373263756
7.09999999999855,8.10927342190803,8.36890477148206
7.13300000000163,8.12009798184008,8.27852460349863
7.16700000000128,8.12324484895145,8.41242109376863
7.19999999999709,8.14528868607026,8.4116482958152
7.23300000000018,8.14388689245239,8.41685647945821
7.26699999999983,8.13213120442318,8.44817866057063
7.29999999999563,8.13084512134206,8.49980442172038
7.36699999999837,8.12371091793992,8.55536705003877
7.40000000000146,8.11901141991441,8.61745861569472
7.43299999999726,8.11617671863171,8.60758644556426
7.46699999999692,8.11394484323231,8.61349399081377
7.5,8.19132326229413,8.67475771017168
7.53299999999581,8.25047608598129,8.75368252055873
7.56699999999546,8.28044510746372,8.75180993492975
7.59999999999855,8.44073345699878,8.78851056759192
7.63300000000163,8.68102525899363,8.83545801469816
7.66700000000128,8.86472172063269,8.87098796130011
7.69999999999709,9.00256358965938,8.87268670201246
7.73300000000018,9.06713601932714,8.84365317060498
7.76699999999983,9.09984129060831,8.85311520539514
7.79999999999563,9.06019393187775,8.83947659954313
7.83299999999872,9.08979321855491,8.86904845151006
7.86699999999837,9.11141554530038,8.86666064875481
7.90000000000146,9.04489878174224,8.81734697754338
7.93299999999726,9.07209909686219,8.81521671553538
7.96699999999692,9.14962095041897,8.80126683072974
8,9.21204693968622,8.80177099710302
8.03299999999581,9.27623134965679,8.8010298849052
8.06699999999546,9.35970370987363,8.81217925482579
8.09999999999855,9.40445934005362,8.8263192983869
8.13300000000163,9.34163063957438,8.84677890354512
8.16700000000128,9.32113432471768,8.91112552784572
8.19999999999709,9.30868921219154,9.00636372580754
8.23300000000018,9.37285929401319,9.18033642638123
8.26699999999983,9.41530019938377,9.44051583537157
8.29999999999563,9.50650468087793,9.58985687947043
8.33299999999872,9.51659825133985,9.64743404729086
8.34300000000076,9.51576819050934,9.69908377739292
8.36699999999837,9.5209582161229,9.80363976175814
8.40000000000146,9.55776483026575,9.83702891164695
8.43299999999726,9.54553191648711,9.79302135460384
8.46699999999692,9.58335755244544,9.8830595395941
8.5,9.56559545446521,9.84697742001497
8.53299999999581,9.56868596468789,9.87667407900636
8.56699999999546,9.56143780193818,9.91470209098224
8.59999999999855,9.56008135058984,10.0590999448573
8.63300000000163,9.55431807737618,10.067688863871
8.66700000000128,9.57472526249192,10.0766700225118
8.69999999999709,9.61881852377648,10.111878224937
8.73300000000018,9.72043045335217,10.1494748882346
8.76699999999983,9.73213145100838,10.2016738521629
8.79999999999563,10.0079955066811,10.2485309474299
8.83299999999872,10.1268333877538,10.2658295238125
8.86699999999837,10.4201033150752,10.2915975061276
8.90000000000146,10.5421159828426,10.2807638454941
8.93299999999726,10.6468998758936,10.2863915248614
8.96699999999692,10.6789665372793,10.3380326423791
9,10.6270357896089,10.3773496827104
9.03299999999581,10.622842891856,10.3601699894747
9.06699999999546,10.5676121912644,10.3428653913625
9.09999999999855,10.5433235537483,10.3226989404873
9.13300000000163,10.5636110390026,10.3024928581927
9.16700000000128,10.6210935238599,10.2993282140968
9.19999999999709,10.6946726559798,10.2971126282662
9.23300000000018,10.7743351613241,10.2937343430079
9.26699999999983,10.796553088817,10.3177148333958
9.29999999999563,10.9252222025918,10.3741282879282
9.33299999999872,10.9895072442239,10.4746442709531
9.36699999999837,10.9485487445506,10.656679798113
9.40000000000146,11.00550541256,10.9237352525968
9.43299999999726,11.0875544220113,11.1272340551474
9.46699999999692,11.1017221961591,11.2511927110155
9.5,11.0605178246421,11.3859968108849
9.53299999999581,11.0337332805863,11.4072651151127
9.56699999999546,11.02252293977,11.3640137221837
9.59999999999855,11.0402284809344,11.4236378862195
9.63300000000163,11.0731580360716,11.3969899590675
9.66700000000128,11.0947608698944,11.3777629571557
9.69999999999709,11.0829193127965,11.3710358793536
9.73300000000018,11.078914984733,11.3701593146121
9.76699999999983,11.0716590436398,11.4329957095692
9.79999999999563,11.0699305391358,11.4685824321054
9.83299999999872,11.0700338190226,11.5058336603405
9.86699999999837,11.0936628836549,11.5224896377471
9.90000000000146,11.1316179128154,11.5477574789157
9.93299999999726,11.211615569021,11.576527665473
9.96699999999692,11.3233380851448,11.6794914873215
10,11.6167688553453,11.6806889970292
10.0329999999958,11.9671661439403,11.7540985358831
10.0669999999955,12.0151175453454,11.7097002311711
10.0999999999985,12.2288295174363,11.7064084917948
10.1330000000016,12.2677818541873,11.6895666094328
10.1670000000013,12.3230835440719,11.6952342690789
10.1999999999971,12.2431769509098,11.7245517293326
10.2330000000002,12.1287996272206,11.7400937838546
10.2669999999998,12.0746344530745,11.7310862128337
10.2999999999956,12.0473578188638,11.7107824644384
10.3329999999987,12.0300585791098,11.7078972253758
10.3669999999984,12.0555394938459,11.7061297967297
10.4000000000015,12.164806630917,11.7197336329825
10.4329999999973,12.2306460097169,11.717399905203
10.4669999999969,12.2793893877059,11.7479482293741
10.5,12.2795597044219,11.8274789561474
10.5329999999958,12.3466827868469,11.9861715076908
10.5669999999955,12.3810315004822,12.212912518352
10.5999999999985,12.4417455835712,12.3902028764925
10.6330000000016,12.4357585848066,12.6871023837024
10.6670000000013,12.4904516998192,12.7998348109712
10.6999999999971,12.4733756374631,13.0170086765543
10.7330000000002,12.459492180989,12.8393638374878
10.7669999999998,12.4749453724609,12.7698494211083
10.7999999999956,12.5281443336123,12.856088735372
10.8329999999987,12.5963665193356,12.9162229151716
10.8669999999984,12.5860905516171,12.853613179348
10.9000000000015,12.5686385288616,12.8557607310404
10.9329999999973,12.5593151680784,12.9201556138537
10.9669999999969,12.5486628073115,12.9825261297559
11,12.5429136813359,13.0227138551503
11.0329999999958,12.5601389101749,13.0505096442197
11.0669999999955,12.6191735562339,13.1257085019501
11.0999999999985,12.7277726252903,13.1913125187687
11.1330000000016,12.9097702613212,13.2157620995346
11.1670000000013,13.0559463173064,13.2790795375694
11.1999999999971,13.2798146278721,13.2955597173753
11.2330000000002,13.4446566451068,13.3094826979058
11.2669999999998,13.6023823536655,13.3017248919393
11.2999999999956,13.8438675276982,13.2796771567479
11.3329999999987,13.9354942861531,13.2653887573315
11.3669999999984,13.8455417861812,13.2919831256169
11.4000000000015,13.7332934769261,13.2976756967666
11.4329999999973,13.6859309703625,13.2912012759991
11.4669999999969,13.6701511099185,13.2849262344962
11.5,13.6437320538199,13.279730746872
11.5329999999958,13.6392864846457,13.2750070384706
11.5669999999955,13.6716118562446,13.2717199864886
11.5999999999985,13.8309456316015,13.2699060041187
11.6330000000016,13.8660132881135,13.2709031138524
11.6670000000013,13.841689038501,13.3400224139695
11.6999999999971,13.8811515629253,13.4907339358295
11.7330000000002,13.8780276206676,13.5674829879318
11.7669999999998,13.9075663418775,13.9305135932287
11.7999999999956,13.890030957235,13.9874112653311
11.8329999999987,13.8870754701643,13.9744821706478
11.8669999999984,13.9058818973866,14.2196518010828
11.9000000000015,13.9153308671535,14.5041311192503
11.9329999999973,13.9891077381031,14.4545613009931
11.9669999999969,14.0280378987606,14.4039392891806
12,14.1196778147991,14.5579294761949
12.0329999999958,14.1601789035735,14.4504247647063
12.0669999999955,14.1630807851399,14.3847815376987
12.0999999999985,14.1505817107608,14.3593571118212
12.1330000000016,14.1367354044546,14.4365597105355
12.1670000000013,14.1293039394863,14.4579288979388
12.1999999999971,14.1280854613564,14.5226152598176
12.2330000000002,14.1370756916767,14.6291403871761
12.2669999999998,14.1339116098641,14.7268714459108
12.2999999999956,14.2804151837011,14.7699567150018
12.3329999999987,14.3663874313138,14.8095102857563
12.3669999999984,14.6437710313137,14.8020509219567
12.4000000000015,14.9813495730391,14.8145766144417
12.4329999999973,15.3343980615708,14.8472197461286
12.4669999999969,15.4397813646187,14.8181155421482
12.5,15.4516646425557,14.8005208236761
12.5329999999958,15.4876473569317,14.7909077982282
12.5669999999955,15.4328637896055,14.7841645664831
12.5999999999985,15.3058287462562,14.8233403854167
12.6330000000016,15.2472229449654,14.815666555695
12.6670000000013,15.2300331642344,14.8055871082026
12.6999999999971,15.2085245482852,14.7834574084566
12.7330000000002,15.1872777771984,14.7491786400482
12.7669999999998,15.21016757081,14.7290697939096
12.7999999999956,15.2388305758062,14.7231895986853
12.8329999999987,15.2594185980213,14.7244025680367
12.8669999999984,15.2645986764848,14.7604417727476
12.9000000000015,15.2718003791203,14.8248277011299
12.9329999999973,15.3333589774691,15.0003912842552
12.9669999999969,15.4568703250807,15.3187845853238
13,15.4859601155809,15.6430908499576
13.0329999999958,15.5818651392452,15.9243205723569
13.0669999999955,15.5925802838831,16.065917063015
13.0999999999985,15.6056614209915,16.1293096287419
13.1330000000016,15.5978816895482,16.0018102273116
13.1670000000013,15.5873780988674,15.8776012576206
13.1999999999971,15.627579130664,15.937609941081
13.2330000000002,15.615786121943,15.8836346122089
13.2669999999998,15.6070330326132,15.8537492545392
13.2999999999956,15.6120568574225,15.8687851438591
13.3329999999987,15.6348051740013,16.0241149446655
13.3669999999984,15.6312948241315,16.1590817105032
13.4000000000015,15.673067646902,16.2404456676694
13.4329999999973,15.669652229902,16.1966391514053
13.4669999999969,15.7615658200488,16.2115675722538
13.5,15.8587917834234,16.2292528184874
13.5329999999958,15.9899561334698,16.2749651237099
13.5669999999955,16.2904308198774,16.2661221070376
13.5999999999985,16.6697099663097,16.1505271938596
13.6330000000016,16.872225945561,16.1402322462946
13.6670000000013,16.9673627199073,16.1408579663255
13.6999999999971,17.0674410378544,16.1409837868532
13.7330000000002,16.9965351410869,16.1432178276795
13.7669999999998,16.8784027177378,16.1689574629562
13.7999999999956,16.79877664687,16.1680233981562
13.8329999999987,16.7753998757056,16.2051272735102
13.8669999999984,16.7067770770557,16.2045779827816
13.9000000000015,16.6178680692469,16.2037727013758
13.9329999999973,16.6172248138882,16.2116978143375
13.9669999999969,16.7145742612455,16.2667621451334
14,16.7775585074588,16.3237668369747
14.0329999999958,16.7991682268702,16.3328687577687
14.0669999999955,16.856388503981,16.4197645776459
14.0999999999985,16.8522190451348,16.4754264427869
14.1330000000016,16.8395469908891,17.0508536641875
14.1670000000013,16.9370400596549,17.2002010387637
14.1999999999971,16.9635180860545,17.4726753564199
14.2330000000002,16.9536905562792,17.7387130385751
14.2669999999998,16.9864508040074,17.8011552623591
14.2999999999956,17.0629676993265,17.7105652091853
14.3329999999987,17.1293242011206,17.5570103941916
14.3669999999984,17.1497270212212,17.5279455700139
14.4000000000015,17.1575827108833,17.4792823582695
14.4329999999973,17.1401233553165,17.4641042997106
14.4669999999969,17.1293345210221,17.4461109012783
14.5,17.1206202602235,17.4416483573369
14.5329999999958,17.1109265399801,17.4676460529751
14.5669999999955,17.1188143148577,17.6044861948865
14.5999999999985,17.114598405479,17.6928251689185
14.6330000000016,17.2148777324731,17.7501210914106
14.6670000000013,17.2169737616206,17.8245218530263
14.6999999999971,17.3770016943377,17.811035452676
14.7330000000002,17.5603538160429,17.8855420148065
14.7669999999998,17.8399754798259,17.9027213191481
14.7999999999956,18.1320661644422,17.8782338983446
14.8329999999987,18.4211904726979,17.857537908635
14.8669999999984,18.4642795811949,17.8384479180836
14.9000000000015,18.4471671827318,17.7732675500352
14.9329999999973,18.3900400105492,17.7726640277932
14.9669999999969,18.4941070674279,17.8389341177946
15,18.4017673408143,17.8361094450799
15.0329999999958,18.3748776594958,17.8312297884583
15.0669999999955,18.3231664429119,17.8421102261314
15.0999999999985,18.2965107521953,17.8388156043052
15.1330000000016,18.2763664359185,17.8317976020662
15.1670000000013,18.2835091646321,17.8446893845617
15.1999999999971,18.2919954347596,17.8367292004244
15.2330000000002,18.3955202352099,17.8520070858175
15.2669999999998,18.3989724537428,18.1042714388729
15.2999999999956,18.3820409604966,18.1240621498178
15.3329999999987,18.3811897469344,18.4459497954273
15.3669999999984,18.4828042301569,18.8060546915461
15.4000000000015,18.6072477485341,19.0457845621959
15.4329999999973,18.704121556496,19.4265786536557
15.4669999999969,18.7977472972702,19.4874817140747
15.5,18.7700377655059,19.5560117027156
15.5329999999958,18.7664089248779,19.356117920434
15.5669999999955,18.740041150362,19.2675650780169
15.5999999999985,18.7719385866432,19.2248779653676
15.6330000000016,18.7597312771849,19.2184683354574
15.6670000000013,18.7700846123438,19.1818911805831
15.6999999999971,18.7399343969623,18.8535313331758
15.7330000000002,18.6729689205802,18.8159354933417
15.7669999999998,18.658038749393,18.8156564737538
15.7999999999956,18.6892912836129,18.8960686198093
15.8329999999987,18.693203999406,18.895914989199
15.8669999999984,18.8385734015807,19.0239661944848
15.9000000000015,18.9408612708466,19.139287888596
15.9329999999973,19.2730628618755,19.1148778953201
15.9669999999969,19.7001384011782,19.1003635468176
16,20.0148412772484,19.2207421052375
16.0329999999958,20.197294560703,19.2348289200639
16.0669999999955,20.2954770886183,19.2222356747183
16.0999999999985,20.1724267131774,19.2403124858805
16.1330000000016,20.1698561800925,19.2951073245751
16.1670000000013,20.0579321656633,19.3674162880283
16.1999999999971,19.9684467714563,19.3494311665843
16.2330000000002,19.8508644052378,19.331151005582
16.2669999999998,19.7530165446321,19.2987586226891
16.2999999999956,19.6810285715332,19.293450213911
16.3329999999987,19.6471601133957,19.2922997974515
16.3669999999984,19.6737293878441,19.287616045157
16.4000000000015,19.7079248488935,19.2720109121034
16.4329999999973,19.728646229633,19.2694465817768
16.4669999999969,19.7602770681253,19.4307513984989
16.5,19.866371232297,19.6197332414207
16.5329999999958,20.0181394289709,20.1782478853339
16.5669999999955,20.0667457737234,20.4460268561782
16.5999999999985,20.2522496766554,21.0210489525472
16.6330000000016,20.3224505598909,21.108891619199
16.6670000000013,20.2537278926186,20.9944725488436
16.6999999999971,20.2723152502924,21.2382746248658
16.7330000000002,20.2716852076201,21.022987378977
16.7669999999998,20.2820624193244,20.9069588084601
16.7999999999956,20.2986308353442,20.886757101321
16.8329999999987,20.3320021847596,20.8155787666519
16.8669999999984,20.3198240637123,20.599027883153
16.9000000000015,20.2137583291813,20.5939458997541
16.9329999999973,20.2130701169588,20.5914423810591
16.9669999999969,20.232746679423,20.5934709581798
17,20.2563136533539,20.5927259938251
17.0329999999958,20.3848797734624,20.6913541602077
17.0669999999955,20.3998771174942,20.7641466853036
17.0999999999985,20.5856806385025,20.8092287600569
17.1330000000016,20.8138259696286,20.8920433199557
17.1670000000013,21.0705556529733,21.0363677993694
17.1999999999971,21.4590880519623,20.9848433350512
17.2330000000002,21.748946828793,20.9580211976821
17.2669999999998,21.8709983398142,20.9436708741351
17.2999999999956,21.8222653676444,20.9343276065441
17.3329999999987,21.7057588262678,20.9182851919197
17.3669999999984,21.5953067701523,20.8408075413485
17.4000000000015,21.547274929788,20.8371471922087
17.4329999999973,21.5446153740277,20.8337111173556
17.4669999999969,21.2111427087678,20.7816305964902
17.5,21.2162557067643,20.7641223596488
17.5329999999958,21.2000224580032,20.7413692467803
17.5669999999955,21.2031836694552,20.7419950165495
17.5999999999985,21.2234449080351,20.7932533513068
17.6330000000016,21.2404687543225,21.0161525196686
17.6670000000013,21.2870607697479,21.2310758385772
17.6999999999971,21.3471242502553,21.4327793998487
17.7330000000002,21.3614146221719,21.7372307179388
17.7669999999998,21.4623291488178,21.8175457629537
17.7999999999956,21.6419594489337,22.3175166392485
17.8329999999987,21.7129604106906,22.5457290750602
17.8669999999984,21.7904261958835,22.7480090421595
17.9000000000015,21.8266242287719,22.6963902757247
17.9329999999973,21.8431742009712,22.4542587800247
17.9669999999969,21.8128904624083,22.3616521877248
18,21.8066255086221,22.3430191861785
18.0329999999958,21.843235232975,22.328010578739
18.0669999999955,21.8122862292067,22.034167637572
18.0999999999985,21.8046655409436,21.9625531555641
18.1330000000016,21.7694701949776,21.911459246387
18.1670000000013,21.7695796416593,21.9056250349695
18.1999999999971,21.7664992669819,21.9207009481096
18.2330000000002,21.7832850467881,22.0212385874736
18.2669999999998,21.8427425204889,22.0959051652621
18.2999999999956,22.2406854841201,22.2490610938721
18.3669999999984,22.5233886310429,22.4038954258938
18.4000000000015,22.7559490370885,22.424355089322
18.4329999999973,23.1407074648454,22.5004130644343
18.4669999999969,23.4382791203873,22.6415349782103
18.5,23.45628787651,22.577668464763
18.5329999999958,23.6409371014111,22.5632962006967
18.5669999999955,23.5806858806177,22.5607718882532
18.5999999999985,23.5339166662166,22.5367514673941
18.6330000000016,23.4107258175328,22.5545853322922
18.6670000000013,23.2120048907068,22.5458113105056
18.6999999999971,22.9710405703018,22.4467431697798
18.7330000000002,22.8719297970771,22.3226949324858
18.7669999999998,22.6509659884873,22.1531072050043
18.7999999999956,22.5456927018732,22.1627513063277
18.8329999999987,22.4568231258231,22.1696925567281
18.8669999999984,22.4292880762191,22.1033469747101
18.9000000000015,22.4927860175003,22.3736086191785
18.9329999999973,22.7534621895142,22.8120546917797
18.9669999999969,22.8751585115004,23.2942784508988
19,23.0744711634931,23.7279671324642
19.0329999999958,23.1871544203463,23.8151954273118
19.0669999999955,23.3541587717685,24.2369283838205
19.0999999999985,23.4326265933503,24.3684877116407
19.1330000000016,23.5103450601535,24.5520851304589
19.1670000000013,23.4483593263675,24.2305340686591
19.1999999999971,23.5902232270774,24.0681812264069
19.2330000000002,23.6270817164066,24.0057881939182
19.2669999999998,23.5717655351525,23.7940667324618
19.2999999999956,23.5631235548375,23.6311060488611
19.3329999999987,23.5134829268885,23.4911822584593
19.3669999999984,23.4739900126025,23.4832362244003
19.4000000000015,23.4001671189517,23.40738138375
19.4329999999973,23.2245639215852,23.4227056515151
19.4669999999969,23.2633871533985,23.554532356917
19.5,23.4970535913076,23.5871726100389
19.5329999999958,23.6829252799371,23.6069486555452
19.5669999999955,24.0929684444622,23.7943753316003
19.5999999999985,24.0142212754975,23.6854626041367
19.6330000000016,24.5927007997428,23.742660799832
19.6670000000013,24.8367153576284,23.7154546271092
19.6999999999971,25.0164492348109,23.8833922486278
19.7330000000002,25.0480253759883,23.9095338738654
19.7669999999998,24.9680799716141,23.8996573611969
19.7999999999956,24.8407691574282,23.9058462931879
19.8329999999987,24.6037587240124,23.8743623026498
19.8669999999984,24.4496745436998,23.8072012533485
19.9000000000015,24.251850745374,23.8108649767572
19.9329999999973,24.1088359691689,23.7681402763986
19.9669999999969,24.1282096313844,23.788965438368
20,24.1412081082104,23.8126594895991
20.0329999999958,24.2017317318349,23.9084242998926
20.0669999999955,24.4138627585277,24.1789606064261
20.0999999999985,24.4112086498979,24.2867315522082
20.1330000000016,24.5300269339348,24.4694404913096
20.1670000000013,24.5655273507522,24.9845065814741
20.1999999999971,24.8950626245514,25.4647517944431
20.2330000000002,24.8409786414505,25.8931462656307
20.2669999999998,24.9179415688061,25.8612793287652
20.2999999999956,25.0006609059768,25.7313689212265
20.3329999999987,24.9557505672639,25.9212977678286
20.3669999999984,24.9874203528226,25.7276036379554
20.4000000000015,25.0989072511079,25.6196879128079
20.4329999999973,25.0592262359096,25.350850233024
20.4669999999969,25.0283706811408,25.1428231205166
20.5,25.0045984788959,25.1441992716531
20.5329999999958,25.0015015414051,25.147817719228
20.5669999999955,24.9562309143258,25.1505224602847
20.5999999999985,24.9509384700914,25.1070375507511
20.6330000000016,24.9981643846427,25.2831125893215
20.6670000000013,24.9941786547005,25.3318596322005
20.6999999999971,25.0008074348502,25.351289851779
20.7330000000002,25.3328325397066,25.5215707633821
20.7669999999998,25.667127712978,25.637363466196
20.7999999999956,26.013989472875,25.6020034884446
20.8329999999987,26.5915195300451,25.5846287184143
20.8669999999984,26.6478495415162,25.6941945164328
20.9000000000015,26.6849682720145,25.5688084827614
20.9329999999973,26.7119671885195,25.5430638279458
20.9669999999969,26.5628219132735,25.5381442150809
21,26.5576647104022,25.536236321556
21.0329999999958,26.4907422240558,25.4774911554613
21.0669999999955,26.2846000207774,25.4356979829747
21.0999999999985,26.0794886165883,25.3761938021218
21.1330000000016,25.9550848695595,25.2794093713772
21.1670000000013,25.8736039035657,25.2125785062536
21.1999999999971,25.8388844204834,25.2107249266305
21.2330000000002,25.8337889499954,25.1518467586819
21.2669999999998,25.857043371363,25.5171463798506
21.2999999999956,25.9292656053442,25.7925501234264
21.3329999999987,25.8977051472431,25.8842000822892
21.3669999999984,25.8519204490283,26.0122727139993
21.4000000000015,26.0041912698034,26.4743819556888
21.4329999999973,26.1915460590251,27.3552696823974
21.4669999999969,26.4334568172754,27.5103743025229
21.5,26.3697515009382,27.4865144694968
21.5329999999958,26.3344029368886,27.1726955486365
21.5669999999955,26.415374809851,27.1543120567045
21.5999999999985,26.4361826578828,27.133535125514
21.6330000000016,26.4259710522944,26.9456985627206
21.6670000000013,26.4195077004832,26.5745253648056
21.6999999999971,26.3932610043682,26.5414475818895
21.7330000000002,26.3701466984437,26.4735468033203
21.7669999999998,26.3699266681554,26.4902357891596
21.7999999999956,26.448780062378,26.6294950591937
21.8329999999987,26.5621720125292,26.6593634664846
21.8669999999984,26.6360010777683,26.6957322191466
21.9000000000015,26.7436030944928,26.8362626306753
21.9329999999973,26.8963855863238,26.8519680687177
21.9669999999969,27.2798369943023,26.8901358131392
22,27.7895580321874,26.9296671539798
22.0329999999958,28.0452245745303,26.9214571488539
22.0669999999955,28.2691465615385,27.0634536139213
22.0999999999985,28.2106644689533,27.0754666281196
22.1330000000016,28.2233600019462,27.097747191818
22.1670000000013,28.0765206265499,27.0875641577398
22.1999999999971,27.9789962703848,27.0858028473755
22.2330000000002,27.8220892471951,27.0824495446966
22.2669999999998,27.5908341452779,27.065870219346
22.2999999999956,27.494453280328,27.0312532206681
22.3329999999987,27.3380487662194,26.9625978298878
22.3669999999984,27.3544535312703,26.9630303838443
22.4000000000015,27.3678135916472,26.9306748351718
22.4329999999973,27.3485332560038,26.8915732128716
22.4669999999969,27.3116188494202,26.9307682662469
22.5,27.4283629251998,27.1122885141664
22.5329999999958,27.6022948136785,27.7715052779402
22.5669999999955,27.6942576910241,28.2988927424125
22.5999999999985,27.8057405264135,28.2709102579916
22.6330000000016,28.0526256144878,28.8473934538219
22.6670000000013,28.0903159619331,29.1475962133009
22.6999999999971,28.1320116431142,29.2147025501481
22.7330000000002,28.321064023277,29.2618828003867
22.7669999999998,28.2453415748451,28.9706414986041
22.7999999999956,28.232231021469,28.5644065725681
22.8329999999987,28.209681609139,28.2663011555593
22.8669999999984,28.1324738381234,28.1735526908111
22.9000000000015,28.115396878209,28.1842609251959
22.9329999999973,28.0716748634561,28.1895936941424
22.9669999999969,28.0267072153301,28.1788864054956
23,28.0166651186115,28.2160993681614
23.0329999999958,28.0877958901929,28.2185212073866
23.0669999999955,28.0814005582409,28.3899970945671
23.0999999999985,28.1239062537687,28.4081002538186
23.1330000000016,28.3814006004317,28.5168535007329
23.1670000000013,28.5391604109241,28.5220176631499
23.1999999999971,29.2463422796863,28.5477709850497
23.2330000000002,29.7175332288416,28.638612233847
23.2669999999998,29.9792283696286,28.558958530663
23.2999999999956,30.0000315199894,28.4870157544641
23.3329999999987,30.1937798220993,28.4668248090246
23.3669999999984,30.0644244883248,28.4984414480557
23.4000000000015,29.9030516507394,28.4621600493146
23.4329999999973,29.6384236637432,28.4634953391852
23.4669999999969,29.2324567380638,28.442266310107
23.5,29.0612894141467,28.3839397548836
23.5329999999958,28.7566216188375,28.3365546771357
23.5669999999955,28.5345660093888,28.2026782136836
23.5999999999985,28.6108141921767,28.1814793309286
23.6330000000016,28.6741983061852,28.1874134724729
23.6670000000013,28.6726204408526,28.3490552539104
23.6999999999971,28.7636328575573,28.6095317710825
23.7330000000002,28.7682406330003,28.7179279779249
23.7669999999998,28.8206316094849,29.3578857720771
23.7999999999956,28.9955066184871,29.8502790101544
23.8329999999987,29.2847018326446,30.4325774993988
23.8669999999984,29.4770812383759,30.7272416090435
23.9000000000015,29.407728454935,30.8977547886916
23.9329999999973,29.4799389496529,30.7650741099689
23.9669999999969,29.4962121485364,30.4423954916426
24,29.4834568679031,30.2488073744773
24.0329999999958,29.4878262557342,30.0093154177201
24.0669999999955,29.3938999386198,29.7924719914496
24.0999999999985,29.091374678263,29.5149502592804
24.1330000000016,29.1453017634066,29.4896867388027
24.1670000000013,29.3482036093737,29.5049820375451
24.1999999999971,29.2938424773204,29.5344197847115
24.2330000000002,29.3044679300416,29.6706053819751
24.2669999999998,29.4668294021554,29.7477962252645
24.2999999999956,29.6536300333577,29.7496925893923
24.3329999999987,29.7861922019418,29.7658150538387
24.3430000000008,30.1471773696019,29.799238433094
24.3669999999984,30.7863348558829,29.7932532589619
24.4000000000015,31.0824578610709,29.7932059492488
24.4329999999973,31.2434839783333,29.7617312570953
24.4669999999969,31.3596722167683,29.7662279459159
24.5,31.4322675896228,29.8448002108116
24.5329999999958,31.3612216121823,29.8502993608921
24.5669999999955,31.2431653704288,29.9874690808344
24.5999999999985,31.1474095489395,29.9770122535564
24.6330000000016,30.7385481577542,29.9894416441769
24.6670000000013,30.7121452768645,30.0601648410108
24.6999999999971,30.5566110318795,30.0524036488521
24.7330000000002,30.4097559425039,30.0511597437621
24.7669999999998,30.4124760145684,30.0364067924164
24.7999999999956,30.3978432421938,30.0164667774452
24.8329999999987,30.4125336840663,30.0143851943567
24.8669999999984,30.4086956075926,30.0833752834065
24.9000000000015,30.3625125776634,30.1920225037463
24.9329999999973,30.3659817647717,30.3214706619577
24.9669999999969,30.3688457540187,30.7341864962595
25,30.3941576735785,31.22922391717
25.0329999999958,30.5157200625851,31.4454668075639
25.0669999999955,30.5713054040485,31.5839164818373
25.0999999999985,30.6862213218606,32.1880872227751
25.1330000000016,30.8156732924197,32.1412216904449
25.1670000000013,30.7945520059642,32.0854425439926
25.1999999999971,30.7826742319977,31.9537620426772
25.2330000000002,30.7858005423739,31.311007506542
25.2669999999998,30.7625472213566,30.9501001615007
25.2999999999956,30.7467449466696,30.899556198215
25.3669999999984,30.59887199936,30.6717959491534
25.4000000000015,30.5960768877895,30.6853483310306
25.4329999999973,30.638086898633,30.7347635795433
25.4669999999969,30.63908143082,30.7417720776789
25.5,30.6809669293578,30.771088771349
25.5329999999958,30.8236919523523,30.9680281668202
25.5669999999955,30.9907808302099,30.9757535641323
25.5999999999985,31.2497373760559,31.007697176202
25.6330000000016,31.6471194532054,31.010182859404
25.6670000000013,31.8919094706715,30.9107317989109
25.6999999999971,32.3786232432167,30.9134448973599
25.7330000000002,32.7145446284354,30.931632664863
25.7669999999998,32.5554831415574,30.9764662603999
25.7999999999956,32.7800019529611,30.9673216729526
25.8329999999987,32.7436196969207,30.9439681397619
25.8669999999984,32.5672749939536,30.9273238905004
25.9000000000015,32.3206491880107,30.9284369397809
25.9329999999973,31.8889428050893,30.8314546739065
25.9669999999969,31.5467457734271,30.7145551947449
26,31.453098750522,30.7245571815945
26.0329999999958,31.4630954912087,30.7331931582323
26.0669999999955,31.5010134200222,30.6339795860854
26.0999999999985,31.3874464794477,30.6400118101672
26.1330000000016,31.4006691175569,31.0334460402553
26.1670000000013,31.2497492359503,31.3946113917493
26.1999999999971,31.2911681641036,31.1517233670548
26.2330000000002,31.519373244428,31.4978744237997
26.2669999999998,31.4845182601023,31.6087330056013
26.2999999999956,31.7099914061228,31.6620753782893
26.3329999999987,31.9615620329106,32.62547392246
26.3669999999984,31.9733216282963,33.220335141462
26.4000000000015,31.9629883530179,33.4793885365698
26.4329999999973,32.0249655568718,33.7078058428467
26.4669999999969,31.9985064442208,33.3187733706794
26.5,32.1660771451569,33.5426709904958
26.5329999999958,32.2323430315655,33.298812446748
26.5669999999955,32.1996035762879,32.8208737804657
26.5999999999985,32.1724830847644,32.5012190974566
26.6330000000016,32.1461522194454,32.2211201580075
26.6670000000013,32.1281642038399,32.2248880712526
26.6999999999971,32.1178806940881,32.0657218081895
26.7330000000002,31.8612832817663,31.901965262985
26.7669999999998,31.9307814304467,31.960798591936
26.7999999999956,31.9880317547246,32.0034349963875
26.8329999999987,31.9843095731513,31.9654479221182
26.8669999999984,31.8942921334713,31.9764182233342
26.9000000000015,31.8330371329437,31.9743181167379
26.9329999999973,31.9897597525902,32.0551530496463
26.9669999999969,32.1980561860139,32.0597978603998
27,32.1943398962785,32.0341135426678
27.0329999999958,32.1430330863358,31.9082449567687
27.0669999999955,32.2826604006774,31.9172666577407
27.0999999999985,32.5421536340026,31.9398123909753
27.1330000000016,32.7609806064767,31.9475191355878
27.1670000000013,32.8707079266733,31.9474495081591
27.1999999999971,32.8647865108367,31.9230809619262
27.2330000000002,32.7690436150767,31.8719487563856
27.2669999999998,32.7237736287532,31.8907683821629
27.2999999999956,32.5745324220988,31.899084720495
27.3329999999987,32.3949781455429,31.9014622503119
27.3430000000008,32.3150401851967,31.9020346984568
27.3669999999984,32.3113577817301,31.8300134727426
27.4000000000015,32.3056839174911,31.8353667140968
27.4329999999973,32.2777807605706,31.8314975778766
27.4669999999969,32.2672244150136,31.8343647693208
27.5,32.2605390364897,31.8454295038785
27.5329999999958,32.2632040342187,31.8347351129558
27.5669999999955,32.2688271599565,31.8050833567961
27.5999999999985,32.3800842695238,31.8039958287358
27.6330000000016,32.3686027774258,31.804986718805
27.6670000000013,32.3672062317811,31.8048133854208
27.6999999999971,32.3211081180107,31.7595318444945
27.7330000000002,32.313535806121,31.7613599227892
27.7669999999998,32.3737503741026,31.7579288105461
27.7999999999956,32.3722327554348,31.8070960106071
27.8329999999987,32.3814310678362,31.7541864588961
27.8669999999984,32.3831258374562,31.7640435132238
27.9000000000015,32.3423482338426,31.664885701265
27.9329999999973,32.3377267252894,31.6690868792925
27.9669999999969,32.3369521101965,31.6698886025523
28,32.320869156331,31.651089646143
28.0329999999958,32.3210258261847,31.6163296859929
28.0669999999955,32.3014819488275,31.6195886555727
28.0999999999985,32.2819483356242,31.6052807245376
28.1330000000016,32.2817020408298,31.5833641206814
28.1670000000013,32.267842778638,31.586068598839
28.1999999999971,32.2308586976208,31.5064572885354
28.2330000000002,32.2171612294884,31.5118035398146
28.2669999999998,32.2171832471428,31.5163603121866
28.2999999999956,32.2043188996813,31.5205113404776
28.3329999999987,32.2525261143645,31.6533053511637
28.3669999999984,32.2684580101408,31.7137968931536
28.4000000000015,32.2663931307249,31.649494159895
28.4329999999973,32.264625015105,31.6417210527651
28.4669999999969,32.296081651371,31.7678646390539
28.5,32.3280299976144,31.8034835344166
